Graph,Path
graph_4_0.125.gml,collections/graphs\graph_4_0.125.gml
graph_4_0.25.gml,collections/graphs\graph_4_0.25.gml
graph_4_0.5.gml,collections/graphs\graph_4_0.5.gml
graph_4_0.75.gml,collections/graphs\graph_4_0.75.gml
graph_5_0.125.gml,collections/graphs\graph_5_0.125.gml
graph_5_0.25.gml,collections/graphs\graph_5_0.25.gml
graph_5_0.5.gml,collections/graphs\graph_5_0.5.gml
graph_5_0.75.gml,collections/graphs\graph_5_0.75.gml
graph_6_0.125.gml,collections/graphs\graph_6_0.125.gml
graph_6_0.25.gml,collections/graphs\graph_6_0.25.gml
graph_6_0.5.gml,collections/graphs\graph_6_0.5.gml
graph_6_0.75.gml,collections/graphs\graph_6_0.75.gml
graph_7_0.125.gml,collections/graphs\graph_7_0.125.gml
graph_7_0.25.gml,collections/graphs\graph_7_0.25.gml
graph_7_0.5.gml,collections/graphs\graph_7_0.5.gml
graph_7_0.75.gml,collections/graphs\graph_7_0.75.gml
graph_8_0.125.gml,collections/graphs\graph_8_0.125.gml
graph_8_0.25.gml,collections/graphs\graph_8_0.25.gml
graph_8_0.5.gml,collections/graphs\graph_8_0.5.gml
graph_8_0.75.gml,collections/graphs\graph_8_0.75.gml
graph_9_0.125.gml,collections/graphs\graph_9_0.125.gml
graph_9_0.25.gml,collections/graphs\graph_9_0.25.gml
graph_9_0.5.gml,collections/graphs\graph_9_0.5.gml
graph_9_0.75.gml,collections/graphs\graph_9_0.75.gml
graph_10_0.125.gml,collections/graphs\graph_10_0.125.gml
graph_10_0.25.gml,collections/graphs\graph_10_0.25.gml
graph_10_0.5.gml,collections/graphs\graph_10_0.5.gml
graph_10_0.75.gml,collections/graphs\graph_10_0.75.gml
graph_11_0.125.gml,collections/graphs\graph_11_0.125.gml
graph_11_0.25.gml,collections/graphs\graph_11_0.25.gml
graph_11_0.5.gml,collections/graphs\graph_11_0.5.gml
graph_11_0.75.gml,collections/graphs\graph_11_0.75.gml
graph_12_0.125.gml,collections/graphs\graph_12_0.125.gml
graph_12_0.25.gml,collections/graphs\graph_12_0.25.gml
graph_12_0.5.gml,collections/graphs\graph_12_0.5.gml
graph_12_0.75.gml,collections/graphs\graph_12_0.75.gml
graph_13_0.125.gml,collections/graphs\graph_13_0.125.gml
graph_13_0.25.gml,collections/graphs\graph_13_0.25.gml
graph_13_0.5.gml,collections/graphs\graph_13_0.5.gml
graph_13_0.75.gml,collections/graphs\graph_13_0.75.gml
graph_14_0.125.gml,collections/graphs\graph_14_0.125.gml
graph_14_0.25.gml,collections/graphs\graph_14_0.25.gml
graph_14_0.5.gml,collections/graphs\graph_14_0.5.gml
graph_14_0.75.gml,collections/graphs\graph_14_0.75.gml
graph_15_0.125.gml,collections/graphs\graph_15_0.125.gml
graph_15_0.25.gml,collections/graphs\graph_15_0.25.gml
graph_15_0.5.gml,collections/graphs\graph_15_0.5.gml
graph_15_0.75.gml,collections/graphs\graph_15_0.75.gml
graph_16_0.125.gml,collections/graphs\graph_16_0.125.gml
graph_16_0.25.gml,collections/graphs\graph_16_0.25.gml
graph_16_0.5.gml,collections/graphs\graph_16_0.5.gml
graph_16_0.75.gml,collections/graphs\graph_16_0.75.gml
graph_17_0.125.gml,collections/graphs\graph_17_0.125.gml
graph_17_0.25.gml,collections/graphs\graph_17_0.25.gml
graph_17_0.5.gml,collections/graphs\graph_17_0.5.gml
graph_17_0.75.gml,collections/graphs\graph_17_0.75.gml
graph_18_0.125.gml,collections/graphs\graph_18_0.125.gml
graph_18_0.25.gml,collections/graphs\graph_18_0.25.gml
graph_18_0.5.gml,collections/graphs\graph_18_0.5.gml
graph_18_0.75.gml,collections/graphs\graph_18_0.75.gml
graph_19_0.125.gml,collections/graphs\graph_19_0.125.gml
graph_19_0.25.gml,collections/graphs\graph_19_0.25.gml
graph_19_0.5.gml,collections/graphs\graph_19_0.5.gml
graph_19_0.75.gml,collections/graphs\graph_19_0.75.gml
graph_20_0.125.gml,collections/graphs\graph_20_0.125.gml
graph_20_0.25.gml,collections/graphs\graph_20_0.25.gml
graph_20_0.5.gml,collections/graphs\graph_20_0.5.gml
graph_20_0.75.gml,collections/graphs\graph_20_0.75.gml
graph_21_0.125.gml,collections/graphs\graph_21_0.125.gml
graph_21_0.25.gml,collections/graphs\graph_21_0.25.gml
graph_21_0.5.gml,collections/graphs\graph_21_0.5.gml
graph_21_0.75.gml,collections/graphs\graph_21_0.75.gml
graph_22_0.125.gml,collections/graphs\graph_22_0.125.gml
graph_22_0.25.gml,collections/graphs\graph_22_0.25.gml
graph_22_0.5.gml,collections/graphs\graph_22_0.5.gml
graph_22_0.75.gml,collections/graphs\graph_22_0.75.gml
graph_23_0.125.gml,collections/graphs\graph_23_0.125.gml
graph_23_0.25.gml,collections/graphs\graph_23_0.25.gml
graph_23_0.5.gml,collections/graphs\graph_23_0.5.gml
graph_23_0.75.gml,collections/graphs\graph_23_0.75.gml
graph_24_0.125.gml,collections/graphs\graph_24_0.125.gml
graph_24_0.25.gml,collections/graphs\graph_24_0.25.gml
graph_24_0.5.gml,collections/graphs\graph_24_0.5.gml
graph_24_0.75.gml,collections/graphs\graph_24_0.75.gml
graph_25_0.125.gml,collections/graphs\graph_25_0.125.gml
graph_25_0.25.gml,collections/graphs\graph_25_0.25.gml
graph_25_0.5.gml,collections/graphs\graph_25_0.5.gml
graph_25_0.75.gml,collections/graphs\graph_25_0.75.gml
graph_26_0.125.gml,collections/graphs\graph_26_0.125.gml
graph_26_0.25.gml,collections/graphs\graph_26_0.25.gml
graph_26_0.5.gml,collections/graphs\graph_26_0.5.gml
graph_26_0.75.gml,collections/graphs\graph_26_0.75.gml
graph_27_0.125.gml,collections/graphs\graph_27_0.125.gml
graph_27_0.25.gml,collections/graphs\graph_27_0.25.gml
graph_27_0.5.gml,collections/graphs\graph_27_0.5.gml
graph_27_0.75.gml,collections/graphs\graph_27_0.75.gml
graph_28_0.125.gml,collections/graphs\graph_28_0.125.gml
graph_28_0.25.gml,collections/graphs\graph_28_0.25.gml
graph_28_0.5.gml,collections/graphs\graph_28_0.5.gml
graph_28_0.75.gml,collections/graphs\graph_28_0.75.gml
graph_29_0.125.gml,collections/graphs\graph_29_0.125.gml
graph_29_0.25.gml,collections/graphs\graph_29_0.25.gml
graph_29_0.5.gml,collections/graphs\graph_29_0.5.gml
graph_29_0.75.gml,collections/graphs\graph_29_0.75.gml
graph_30_0.125.gml,collections/graphs\graph_30_0.125.gml
graph_30_0.25.gml,collections/graphs\graph_30_0.25.gml
graph_30_0.5.gml,collections/graphs\graph_30_0.5.gml
graph_30_0.75.gml,collections/graphs\graph_30_0.75.gml
graph_31_0.125.gml,collections/graphs\graph_31_0.125.gml
graph_31_0.25.gml,collections/graphs\graph_31_0.25.gml
graph_31_0.5.gml,collections/graphs\graph_31_0.5.gml
graph_31_0.75.gml,collections/graphs\graph_31_0.75.gml
graph_32_0.125.gml,collections/graphs\graph_32_0.125.gml
graph_32_0.25.gml,collections/graphs\graph_32_0.25.gml
graph_32_0.5.gml,collections/graphs\graph_32_0.5.gml
graph_32_0.75.gml,collections/graphs\graph_32_0.75.gml
graph_33_0.125.gml,collections/graphs\graph_33_0.125.gml
graph_33_0.25.gml,collections/graphs\graph_33_0.25.gml
graph_33_0.5.gml,collections/graphs\graph_33_0.5.gml
graph_33_0.75.gml,collections/graphs\graph_33_0.75.gml
graph_34_0.125.gml,collections/graphs\graph_34_0.125.gml
graph_34_0.25.gml,collections/graphs\graph_34_0.25.gml
graph_34_0.5.gml,collections/graphs\graph_34_0.5.gml
graph_34_0.75.gml,collections/graphs\graph_34_0.75.gml
graph_35_0.125.gml,collections/graphs\graph_35_0.125.gml
graph_35_0.25.gml,collections/graphs\graph_35_0.25.gml
graph_35_0.5.gml,collections/graphs\graph_35_0.5.gml
graph_35_0.75.gml,collections/graphs\graph_35_0.75.gml
graph_36_0.125.gml,collections/graphs\graph_36_0.125.gml
graph_36_0.25.gml,collections/graphs\graph_36_0.25.gml
graph_36_0.5.gml,collections/graphs\graph_36_0.5.gml
graph_36_0.75.gml,collections/graphs\graph_36_0.75.gml
graph_37_0.125.gml,collections/graphs\graph_37_0.125.gml
graph_37_0.25.gml,collections/graphs\graph_37_0.25.gml
graph_37_0.5.gml,collections/graphs\graph_37_0.5.gml
graph_37_0.75.gml,collections/graphs\graph_37_0.75.gml
graph_38_0.125.gml,collections/graphs\graph_38_0.125.gml
graph_38_0.25.gml,collections/graphs\graph_38_0.25.gml
graph_38_0.5.gml,collections/graphs\graph_38_0.5.gml
graph_38_0.75.gml,collections/graphs\graph_38_0.75.gml
graph_39_0.125.gml,collections/graphs\graph_39_0.125.gml
graph_39_0.25.gml,collections/graphs\graph_39_0.25.gml
graph_39_0.5.gml,collections/graphs\graph_39_0.5.gml
graph_39_0.75.gml,collections/graphs\graph_39_0.75.gml
graph_40_0.125.gml,collections/graphs\graph_40_0.125.gml
graph_40_0.25.gml,collections/graphs\graph_40_0.25.gml
graph_40_0.5.gml,collections/graphs\graph_40_0.5.gml
graph_40_0.75.gml,collections/graphs\graph_40_0.75.gml
graph_41_0.125.gml,collections/graphs\graph_41_0.125.gml
graph_41_0.25.gml,collections/graphs\graph_41_0.25.gml
graph_41_0.5.gml,collections/graphs\graph_41_0.5.gml
graph_41_0.75.gml,collections/graphs\graph_41_0.75.gml
graph_42_0.125.gml,collections/graphs\graph_42_0.125.gml
graph_42_0.25.gml,collections/graphs\graph_42_0.25.gml
graph_42_0.5.gml,collections/graphs\graph_42_0.5.gml
graph_42_0.75.gml,collections/graphs\graph_42_0.75.gml
graph_43_0.125.gml,collections/graphs\graph_43_0.125.gml
graph_43_0.25.gml,collections/graphs\graph_43_0.25.gml
graph_43_0.5.gml,collections/graphs\graph_43_0.5.gml
graph_43_0.75.gml,collections/graphs\graph_43_0.75.gml
graph_44_0.125.gml,collections/graphs\graph_44_0.125.gml
graph_44_0.25.gml,collections/graphs\graph_44_0.25.gml
graph_44_0.5.gml,collections/graphs\graph_44_0.5.gml
graph_44_0.75.gml,collections/graphs\graph_44_0.75.gml
graph_45_0.125.gml,collections/graphs\graph_45_0.125.gml
graph_45_0.25.gml,collections/graphs\graph_45_0.25.gml
graph_45_0.5.gml,collections/graphs\graph_45_0.5.gml
graph_45_0.75.gml,collections/graphs\graph_45_0.75.gml
graph_46_0.125.gml,collections/graphs\graph_46_0.125.gml
graph_46_0.25.gml,collections/graphs\graph_46_0.25.gml
graph_46_0.5.gml,collections/graphs\graph_46_0.5.gml
graph_46_0.75.gml,collections/graphs\graph_46_0.75.gml
graph_47_0.125.gml,collections/graphs\graph_47_0.125.gml
graph_47_0.25.gml,collections/graphs\graph_47_0.25.gml
graph_47_0.5.gml,collections/graphs\graph_47_0.5.gml
graph_47_0.75.gml,collections/graphs\graph_47_0.75.gml
graph_48_0.125.gml,collections/graphs\graph_48_0.125.gml
graph_48_0.25.gml,collections/graphs\graph_48_0.25.gml
graph_48_0.5.gml,collections/graphs\graph_48_0.5.gml
graph_48_0.75.gml,collections/graphs\graph_48_0.75.gml
graph_49_0.125.gml,collections/graphs\graph_49_0.125.gml
graph_49_0.25.gml,collections/graphs\graph_49_0.25.gml
graph_49_0.5.gml,collections/graphs\graph_49_0.5.gml
graph_49_0.75.gml,collections/graphs\graph_49_0.75.gml
graph_50_0.125.gml,collections/graphs\graph_50_0.125.gml
graph_50_0.25.gml,collections/graphs\graph_50_0.25.gml
graph_50_0.5.gml,collections/graphs\graph_50_0.5.gml
graph_50_0.75.gml,collections/graphs\graph_50_0.75.gml
graph_51_0.125.gml,collections/graphs\graph_51_0.125.gml
graph_51_0.25.gml,collections/graphs\graph_51_0.25.gml
graph_51_0.5.gml,collections/graphs\graph_51_0.5.gml
graph_51_0.75.gml,collections/graphs\graph_51_0.75.gml
graph_52_0.125.gml,collections/graphs\graph_52_0.125.gml
graph_52_0.25.gml,collections/graphs\graph_52_0.25.gml
graph_52_0.5.gml,collections/graphs\graph_52_0.5.gml
graph_52_0.75.gml,collections/graphs\graph_52_0.75.gml
graph_53_0.125.gml,collections/graphs\graph_53_0.125.gml
graph_53_0.25.gml,collections/graphs\graph_53_0.25.gml
graph_53_0.5.gml,collections/graphs\graph_53_0.5.gml
graph_53_0.75.gml,collections/graphs\graph_53_0.75.gml
graph_54_0.125.gml,collections/graphs\graph_54_0.125.gml
graph_54_0.25.gml,collections/graphs\graph_54_0.25.gml
graph_54_0.5.gml,collections/graphs\graph_54_0.5.gml
graph_54_0.75.gml,collections/graphs\graph_54_0.75.gml
graph_55_0.125.gml,collections/graphs\graph_55_0.125.gml
graph_55_0.25.gml,collections/graphs\graph_55_0.25.gml
graph_55_0.5.gml,collections/graphs\graph_55_0.5.gml
graph_55_0.75.gml,collections/graphs\graph_55_0.75.gml
graph_56_0.125.gml,collections/graphs\graph_56_0.125.gml
graph_56_0.25.gml,collections/graphs\graph_56_0.25.gml
graph_56_0.5.gml,collections/graphs\graph_56_0.5.gml
graph_56_0.75.gml,collections/graphs\graph_56_0.75.gml
graph_57_0.125.gml,collections/graphs\graph_57_0.125.gml
graph_57_0.25.gml,collections/graphs\graph_57_0.25.gml
graph_57_0.5.gml,collections/graphs\graph_57_0.5.gml
graph_57_0.75.gml,collections/graphs\graph_57_0.75.gml
graph_58_0.125.gml,collections/graphs\graph_58_0.125.gml
graph_58_0.25.gml,collections/graphs\graph_58_0.25.gml
graph_58_0.5.gml,collections/graphs\graph_58_0.5.gml
graph_58_0.75.gml,collections/graphs\graph_58_0.75.gml
graph_59_0.125.gml,collections/graphs\graph_59_0.125.gml
graph_59_0.25.gml,collections/graphs\graph_59_0.25.gml
graph_59_0.5.gml,collections/graphs\graph_59_0.5.gml
graph_59_0.75.gml,collections/graphs\graph_59_0.75.gml
graph_60_0.125.gml,collections/graphs\graph_60_0.125.gml
graph_60_0.25.gml,collections/graphs\graph_60_0.25.gml
graph_60_0.5.gml,collections/graphs\graph_60_0.5.gml
graph_60_0.75.gml,collections/graphs\graph_60_0.75.gml
graph_61_0.125.gml,collections/graphs\graph_61_0.125.gml
graph_61_0.25.gml,collections/graphs\graph_61_0.25.gml
graph_61_0.5.gml,collections/graphs\graph_61_0.5.gml
graph_61_0.75.gml,collections/graphs\graph_61_0.75.gml
graph_62_0.125.gml,collections/graphs\graph_62_0.125.gml
graph_62_0.25.gml,collections/graphs\graph_62_0.25.gml
graph_62_0.5.gml,collections/graphs\graph_62_0.5.gml
graph_62_0.75.gml,collections/graphs\graph_62_0.75.gml
graph_63_0.125.gml,collections/graphs\graph_63_0.125.gml
graph_63_0.25.gml,collections/graphs\graph_63_0.25.gml
graph_63_0.5.gml,collections/graphs\graph_63_0.5.gml
graph_63_0.75.gml,collections/graphs\graph_63_0.75.gml
graph_64_0.125.gml,collections/graphs\graph_64_0.125.gml
graph_64_0.25.gml,collections/graphs\graph_64_0.25.gml
graph_64_0.5.gml,collections/graphs\graph_64_0.5.gml
graph_64_0.75.gml,collections/graphs\graph_64_0.75.gml
graph_65_0.125.gml,collections/graphs\graph_65_0.125.gml
graph_65_0.25.gml,collections/graphs\graph_65_0.25.gml
graph_65_0.5.gml,collections/graphs\graph_65_0.5.gml
graph_65_0.75.gml,collections/graphs\graph_65_0.75.gml
graph_66_0.125.gml,collections/graphs\graph_66_0.125.gml
graph_66_0.25.gml,collections/graphs\graph_66_0.25.gml
graph_66_0.5.gml,collections/graphs\graph_66_0.5.gml
graph_66_0.75.gml,collections/graphs\graph_66_0.75.gml
graph_67_0.125.gml,collections/graphs\graph_67_0.125.gml
graph_67_0.25.gml,collections/graphs\graph_67_0.25.gml
graph_67_0.5.gml,collections/graphs\graph_67_0.5.gml
graph_67_0.75.gml,collections/graphs\graph_67_0.75.gml
graph_68_0.125.gml,collections/graphs\graph_68_0.125.gml
graph_68_0.25.gml,collections/graphs\graph_68_0.25.gml
graph_68_0.5.gml,collections/graphs\graph_68_0.5.gml
graph_68_0.75.gml,collections/graphs\graph_68_0.75.gml
graph_69_0.125.gml,collections/graphs\graph_69_0.125.gml
graph_69_0.25.gml,collections/graphs\graph_69_0.25.gml
graph_69_0.5.gml,collections/graphs\graph_69_0.5.gml
graph_69_0.75.gml,collections/graphs\graph_69_0.75.gml
graph_70_0.125.gml,collections/graphs\graph_70_0.125.gml
graph_70_0.25.gml,collections/graphs\graph_70_0.25.gml
graph_70_0.5.gml,collections/graphs\graph_70_0.5.gml
graph_70_0.75.gml,collections/graphs\graph_70_0.75.gml
graph_71_0.125.gml,collections/graphs\graph_71_0.125.gml
graph_71_0.25.gml,collections/graphs\graph_71_0.25.gml
graph_71_0.5.gml,collections/graphs\graph_71_0.5.gml
graph_71_0.75.gml,collections/graphs\graph_71_0.75.gml
graph_72_0.125.gml,collections/graphs\graph_72_0.125.gml
graph_72_0.25.gml,collections/graphs\graph_72_0.25.gml
graph_72_0.5.gml,collections/graphs\graph_72_0.5.gml
graph_72_0.75.gml,collections/graphs\graph_72_0.75.gml
graph_73_0.125.gml,collections/graphs\graph_73_0.125.gml
graph_73_0.25.gml,collections/graphs\graph_73_0.25.gml
graph_73_0.5.gml,collections/graphs\graph_73_0.5.gml
graph_73_0.75.gml,collections/graphs\graph_73_0.75.gml
graph_74_0.125.gml,collections/graphs\graph_74_0.125.gml
graph_74_0.25.gml,collections/graphs\graph_74_0.25.gml
graph_74_0.5.gml,collections/graphs\graph_74_0.5.gml
graph_74_0.75.gml,collections/graphs\graph_74_0.75.gml
graph_75_0.125.gml,collections/graphs\graph_75_0.125.gml
graph_75_0.25.gml,collections/graphs\graph_75_0.25.gml
graph_75_0.5.gml,collections/graphs\graph_75_0.5.gml
graph_75_0.75.gml,collections/graphs\graph_75_0.75.gml
graph_76_0.125.gml,collections/graphs\graph_76_0.125.gml
graph_76_0.25.gml,collections/graphs\graph_76_0.25.gml
graph_76_0.5.gml,collections/graphs\graph_76_0.5.gml
graph_76_0.75.gml,collections/graphs\graph_76_0.75.gml
graph_77_0.125.gml,collections/graphs\graph_77_0.125.gml
graph_77_0.25.gml,collections/graphs\graph_77_0.25.gml
graph_77_0.5.gml,collections/graphs\graph_77_0.5.gml
graph_77_0.75.gml,collections/graphs\graph_77_0.75.gml
graph_78_0.125.gml,collections/graphs\graph_78_0.125.gml
graph_78_0.25.gml,collections/graphs\graph_78_0.25.gml
graph_78_0.5.gml,collections/graphs\graph_78_0.5.gml
graph_78_0.75.gml,collections/graphs\graph_78_0.75.gml
graph_79_0.125.gml,collections/graphs\graph_79_0.125.gml
graph_79_0.25.gml,collections/graphs\graph_79_0.25.gml
graph_79_0.5.gml,collections/graphs\graph_79_0.5.gml
graph_79_0.75.gml,collections/graphs\graph_79_0.75.gml
graph_80_0.125.gml,collections/graphs\graph_80_0.125.gml
graph_80_0.25.gml,collections/graphs\graph_80_0.25.gml
graph_80_0.5.gml,collections/graphs\graph_80_0.5.gml
graph_80_0.75.gml,collections/graphs\graph_80_0.75.gml
graph_81_0.125.gml,collections/graphs\graph_81_0.125.gml
graph_81_0.25.gml,collections/graphs\graph_81_0.25.gml
graph_81_0.5.gml,collections/graphs\graph_81_0.5.gml
graph_81_0.75.gml,collections/graphs\graph_81_0.75.gml
graph_82_0.125.gml,collections/graphs\graph_82_0.125.gml
graph_82_0.25.gml,collections/graphs\graph_82_0.25.gml
graph_82_0.5.gml,collections/graphs\graph_82_0.5.gml
graph_82_0.75.gml,collections/graphs\graph_82_0.75.gml
graph_83_0.125.gml,collections/graphs\graph_83_0.125.gml
graph_83_0.25.gml,collections/graphs\graph_83_0.25.gml
graph_83_0.5.gml,collections/graphs\graph_83_0.5.gml
graph_83_0.75.gml,collections/graphs\graph_83_0.75.gml
graph_84_0.125.gml,collections/graphs\graph_84_0.125.gml
graph_84_0.25.gml,collections/graphs\graph_84_0.25.gml
graph_84_0.5.gml,collections/graphs\graph_84_0.5.gml
graph_84_0.75.gml,collections/graphs\graph_84_0.75.gml
graph_85_0.125.gml,collections/graphs\graph_85_0.125.gml
graph_85_0.25.gml,collections/graphs\graph_85_0.25.gml
graph_85_0.5.gml,collections/graphs\graph_85_0.5.gml
graph_85_0.75.gml,collections/graphs\graph_85_0.75.gml
graph_86_0.125.gml,collections/graphs\graph_86_0.125.gml
graph_86_0.25.gml,collections/graphs\graph_86_0.25.gml
graph_86_0.5.gml,collections/graphs\graph_86_0.5.gml
graph_86_0.75.gml,collections/graphs\graph_86_0.75.gml
graph_87_0.125.gml,collections/graphs\graph_87_0.125.gml
graph_87_0.25.gml,collections/graphs\graph_87_0.25.gml
graph_87_0.5.gml,collections/graphs\graph_87_0.5.gml
graph_87_0.75.gml,collections/graphs\graph_87_0.75.gml
graph_88_0.125.gml,collections/graphs\graph_88_0.125.gml
graph_88_0.25.gml,collections/graphs\graph_88_0.25.gml
graph_88_0.5.gml,collections/graphs\graph_88_0.5.gml
graph_88_0.75.gml,collections/graphs\graph_88_0.75.gml
graph_89_0.125.gml,collections/graphs\graph_89_0.125.gml
graph_89_0.25.gml,collections/graphs\graph_89_0.25.gml
graph_89_0.5.gml,collections/graphs\graph_89_0.5.gml
graph_89_0.75.gml,collections/graphs\graph_89_0.75.gml
graph_90_0.125.gml,collections/graphs\graph_90_0.125.gml
graph_90_0.25.gml,collections/graphs\graph_90_0.25.gml
graph_90_0.5.gml,collections/graphs\graph_90_0.5.gml
graph_90_0.75.gml,collections/graphs\graph_90_0.75.gml
graph_91_0.125.gml,collections/graphs\graph_91_0.125.gml
graph_91_0.25.gml,collections/graphs\graph_91_0.25.gml
graph_91_0.5.gml,collections/graphs\graph_91_0.5.gml
graph_91_0.75.gml,collections/graphs\graph_91_0.75.gml
graph_92_0.125.gml,collections/graphs\graph_92_0.125.gml
graph_92_0.25.gml,collections/graphs\graph_92_0.25.gml
graph_92_0.5.gml,collections/graphs\graph_92_0.5.gml
graph_92_0.75.gml,collections/graphs\graph_92_0.75.gml
graph_93_0.125.gml,collections/graphs\graph_93_0.125.gml
graph_93_0.25.gml,collections/graphs\graph_93_0.25.gml
graph_93_0.5.gml,collections/graphs\graph_93_0.5.gml
graph_93_0.75.gml,collections/graphs\graph_93_0.75.gml
graph_94_0.125.gml,collections/graphs\graph_94_0.125.gml
graph_94_0.25.gml,collections/graphs\graph_94_0.25.gml
graph_94_0.5.gml,collections/graphs\graph_94_0.5.gml
graph_94_0.75.gml,collections/graphs\graph_94_0.75.gml
graph_95_0.125.gml,collections/graphs\graph_95_0.125.gml
graph_95_0.25.gml,collections/graphs\graph_95_0.25.gml
graph_95_0.5.gml,collections/graphs\graph_95_0.5.gml
graph_95_0.75.gml,collections/graphs\graph_95_0.75.gml
graph_96_0.125.gml,collections/graphs\graph_96_0.125.gml
graph_96_0.25.gml,collections/graphs\graph_96_0.25.gml
graph_96_0.5.gml,collections/graphs\graph_96_0.5.gml
graph_96_0.75.gml,collections/graphs\graph_96_0.75.gml
graph_97_0.125.gml,collections/graphs\graph_97_0.125.gml
graph_97_0.25.gml,collections/graphs\graph_97_0.25.gml
graph_97_0.5.gml,collections/graphs\graph_97_0.5.gml
graph_97_0.75.gml,collections/graphs\graph_97_0.75.gml
graph_98_0.125.gml,collections/graphs\graph_98_0.125.gml
graph_98_0.25.gml,collections/graphs\graph_98_0.25.gml
graph_98_0.5.gml,collections/graphs\graph_98_0.5.gml
graph_98_0.75.gml,collections/graphs\graph_98_0.75.gml
graph_99_0.125.gml,collections/graphs\graph_99_0.125.gml
graph_99_0.25.gml,collections/graphs\graph_99_0.25.gml
graph_99_0.5.gml,collections/graphs\graph_99_0.5.gml
graph_99_0.75.gml,collections/graphs\graph_99_0.75.gml
graph_100_0.125.gml,collections/graphs\graph_100_0.125.gml
graph_100_0.25.gml,collections/graphs\graph_100_0.25.gml
graph_100_0.5.gml,collections/graphs\graph_100_0.5.gml
graph_100_0.75.gml,collections/graphs\graph_100_0.75.gml
graph_101_0.125.gml,collections/graphs\graph_101_0.125.gml
graph_101_0.25.gml,collections/graphs\graph_101_0.25.gml
graph_101_0.5.gml,collections/graphs\graph_101_0.5.gml
graph_101_0.75.gml,collections/graphs\graph_101_0.75.gml
graph_102_0.125.gml,collections/graphs\graph_102_0.125.gml
graph_102_0.25.gml,collections/graphs\graph_102_0.25.gml
graph_102_0.5.gml,collections/graphs\graph_102_0.5.gml
graph_102_0.75.gml,collections/graphs\graph_102_0.75.gml
graph_103_0.125.gml,collections/graphs\graph_103_0.125.gml
graph_103_0.25.gml,collections/graphs\graph_103_0.25.gml
graph_103_0.5.gml,collections/graphs\graph_103_0.5.gml
graph_103_0.75.gml,collections/graphs\graph_103_0.75.gml
graph_104_0.125.gml,collections/graphs\graph_104_0.125.gml
graph_104_0.25.gml,collections/graphs\graph_104_0.25.gml
graph_104_0.5.gml,collections/graphs\graph_104_0.5.gml
graph_104_0.75.gml,collections/graphs\graph_104_0.75.gml
graph_105_0.125.gml,collections/graphs\graph_105_0.125.gml
graph_105_0.25.gml,collections/graphs\graph_105_0.25.gml
graph_105_0.5.gml,collections/graphs\graph_105_0.5.gml
graph_105_0.75.gml,collections/graphs\graph_105_0.75.gml
graph_106_0.125.gml,collections/graphs\graph_106_0.125.gml
graph_106_0.25.gml,collections/graphs\graph_106_0.25.gml
graph_106_0.5.gml,collections/graphs\graph_106_0.5.gml
graph_106_0.75.gml,collections/graphs\graph_106_0.75.gml
graph_107_0.125.gml,collections/graphs\graph_107_0.125.gml
graph_107_0.25.gml,collections/graphs\graph_107_0.25.gml
graph_107_0.5.gml,collections/graphs\graph_107_0.5.gml
graph_107_0.75.gml,collections/graphs\graph_107_0.75.gml
graph_108_0.125.gml,collections/graphs\graph_108_0.125.gml
graph_108_0.25.gml,collections/graphs\graph_108_0.25.gml
graph_108_0.5.gml,collections/graphs\graph_108_0.5.gml
graph_108_0.75.gml,collections/graphs\graph_108_0.75.gml
graph_109_0.125.gml,collections/graphs\graph_109_0.125.gml
graph_109_0.25.gml,collections/graphs\graph_109_0.25.gml
graph_109_0.5.gml,collections/graphs\graph_109_0.5.gml
graph_109_0.75.gml,collections/graphs\graph_109_0.75.gml
graph_110_0.125.gml,collections/graphs\graph_110_0.125.gml
graph_110_0.25.gml,collections/graphs\graph_110_0.25.gml
graph_110_0.5.gml,collections/graphs\graph_110_0.5.gml
graph_110_0.75.gml,collections/graphs\graph_110_0.75.gml
graph_111_0.125.gml,collections/graphs\graph_111_0.125.gml
graph_111_0.25.gml,collections/graphs\graph_111_0.25.gml
graph_111_0.5.gml,collections/graphs\graph_111_0.5.gml
graph_111_0.75.gml,collections/graphs\graph_111_0.75.gml
graph_112_0.125.gml,collections/graphs\graph_112_0.125.gml
graph_112_0.25.gml,collections/graphs\graph_112_0.25.gml
graph_112_0.5.gml,collections/graphs\graph_112_0.5.gml
graph_112_0.75.gml,collections/graphs\graph_112_0.75.gml
graph_113_0.125.gml,collections/graphs\graph_113_0.125.gml
graph_113_0.25.gml,collections/graphs\graph_113_0.25.gml
graph_113_0.5.gml,collections/graphs\graph_113_0.5.gml
graph_113_0.75.gml,collections/graphs\graph_113_0.75.gml
graph_114_0.125.gml,collections/graphs\graph_114_0.125.gml
graph_114_0.25.gml,collections/graphs\graph_114_0.25.gml
graph_114_0.5.gml,collections/graphs\graph_114_0.5.gml
graph_114_0.75.gml,collections/graphs\graph_114_0.75.gml
graph_115_0.125.gml,collections/graphs\graph_115_0.125.gml
graph_115_0.25.gml,collections/graphs\graph_115_0.25.gml
graph_115_0.5.gml,collections/graphs\graph_115_0.5.gml
graph_115_0.75.gml,collections/graphs\graph_115_0.75.gml
graph_116_0.125.gml,collections/graphs\graph_116_0.125.gml
graph_116_0.25.gml,collections/graphs\graph_116_0.25.gml
graph_116_0.5.gml,collections/graphs\graph_116_0.5.gml
graph_116_0.75.gml,collections/graphs\graph_116_0.75.gml
graph_117_0.125.gml,collections/graphs\graph_117_0.125.gml
graph_117_0.25.gml,collections/graphs\graph_117_0.25.gml
graph_117_0.5.gml,collections/graphs\graph_117_0.5.gml
graph_117_0.75.gml,collections/graphs\graph_117_0.75.gml
graph_118_0.125.gml,collections/graphs\graph_118_0.125.gml
graph_118_0.25.gml,collections/graphs\graph_118_0.25.gml
graph_118_0.5.gml,collections/graphs\graph_118_0.5.gml
graph_118_0.75.gml,collections/graphs\graph_118_0.75.gml
graph_119_0.125.gml,collections/graphs\graph_119_0.125.gml
graph_119_0.25.gml,collections/graphs\graph_119_0.25.gml
graph_119_0.5.gml,collections/graphs\graph_119_0.5.gml
graph_119_0.75.gml,collections/graphs\graph_119_0.75.gml
graph_120_0.125.gml,collections/graphs\graph_120_0.125.gml
graph_120_0.25.gml,collections/graphs\graph_120_0.25.gml
graph_120_0.5.gml,collections/graphs\graph_120_0.5.gml
graph_120_0.75.gml,collections/graphs\graph_120_0.75.gml
graph_121_0.125.gml,collections/graphs\graph_121_0.125.gml
graph_121_0.25.gml,collections/graphs\graph_121_0.25.gml
graph_121_0.5.gml,collections/graphs\graph_121_0.5.gml
graph_121_0.75.gml,collections/graphs\graph_121_0.75.gml
graph_122_0.125.gml,collections/graphs\graph_122_0.125.gml
graph_122_0.25.gml,collections/graphs\graph_122_0.25.gml
graph_122_0.5.gml,collections/graphs\graph_122_0.5.gml
graph_122_0.75.gml,collections/graphs\graph_122_0.75.gml
graph_123_0.125.gml,collections/graphs\graph_123_0.125.gml
graph_123_0.25.gml,collections/graphs\graph_123_0.25.gml
graph_123_0.5.gml,collections/graphs\graph_123_0.5.gml
graph_123_0.75.gml,collections/graphs\graph_123_0.75.gml
graph_124_0.125.gml,collections/graphs\graph_124_0.125.gml
graph_124_0.25.gml,collections/graphs\graph_124_0.25.gml
graph_124_0.5.gml,collections/graphs\graph_124_0.5.gml
graph_124_0.75.gml,collections/graphs\graph_124_0.75.gml
graph_125_0.125.gml,collections/graphs\graph_125_0.125.gml
graph_125_0.25.gml,collections/graphs\graph_125_0.25.gml
graph_125_0.5.gml,collections/graphs\graph_125_0.5.gml
graph_125_0.75.gml,collections/graphs\graph_125_0.75.gml
graph_126_0.125.gml,collections/graphs\graph_126_0.125.gml
graph_126_0.25.gml,collections/graphs\graph_126_0.25.gml
graph_126_0.5.gml,collections/graphs\graph_126_0.5.gml
graph_126_0.75.gml,collections/graphs\graph_126_0.75.gml
graph_127_0.125.gml,collections/graphs\graph_127_0.125.gml
graph_127_0.25.gml,collections/graphs\graph_127_0.25.gml
graph_127_0.5.gml,collections/graphs\graph_127_0.5.gml
graph_127_0.75.gml,collections/graphs\graph_127_0.75.gml
graph_128_0.125.gml,collections/graphs\graph_128_0.125.gml
graph_128_0.25.gml,collections/graphs\graph_128_0.25.gml
graph_128_0.5.gml,collections/graphs\graph_128_0.5.gml
graph_128_0.75.gml,collections/graphs\graph_128_0.75.gml
graph_129_0.125.gml,collections/graphs\graph_129_0.125.gml
graph_129_0.25.gml,collections/graphs\graph_129_0.25.gml
graph_129_0.5.gml,collections/graphs\graph_129_0.5.gml
graph_129_0.75.gml,collections/graphs\graph_129_0.75.gml
graph_130_0.125.gml,collections/graphs\graph_130_0.125.gml
graph_130_0.25.gml,collections/graphs\graph_130_0.25.gml
graph_130_0.5.gml,collections/graphs\graph_130_0.5.gml
graph_130_0.75.gml,collections/graphs\graph_130_0.75.gml
graph_131_0.125.gml,collections/graphs\graph_131_0.125.gml
graph_131_0.25.gml,collections/graphs\graph_131_0.25.gml
graph_131_0.5.gml,collections/graphs\graph_131_0.5.gml
graph_131_0.75.gml,collections/graphs\graph_131_0.75.gml
graph_132_0.125.gml,collections/graphs\graph_132_0.125.gml
graph_132_0.25.gml,collections/graphs\graph_132_0.25.gml
graph_132_0.5.gml,collections/graphs\graph_132_0.5.gml
graph_132_0.75.gml,collections/graphs\graph_132_0.75.gml
graph_133_0.125.gml,collections/graphs\graph_133_0.125.gml
graph_133_0.25.gml,collections/graphs\graph_133_0.25.gml
graph_133_0.5.gml,collections/graphs\graph_133_0.5.gml
graph_133_0.75.gml,collections/graphs\graph_133_0.75.gml
graph_134_0.125.gml,collections/graphs\graph_134_0.125.gml
graph_134_0.25.gml,collections/graphs\graph_134_0.25.gml
graph_134_0.5.gml,collections/graphs\graph_134_0.5.gml
graph_134_0.75.gml,collections/graphs\graph_134_0.75.gml
graph_135_0.125.gml,collections/graphs\graph_135_0.125.gml
graph_135_0.25.gml,collections/graphs\graph_135_0.25.gml
graph_135_0.5.gml,collections/graphs\graph_135_0.5.gml
graph_135_0.75.gml,collections/graphs\graph_135_0.75.gml
graph_136_0.125.gml,collections/graphs\graph_136_0.125.gml
graph_136_0.25.gml,collections/graphs\graph_136_0.25.gml
graph_136_0.5.gml,collections/graphs\graph_136_0.5.gml
graph_136_0.75.gml,collections/graphs\graph_136_0.75.gml
graph_137_0.125.gml,collections/graphs\graph_137_0.125.gml
graph_137_0.25.gml,collections/graphs\graph_137_0.25.gml
graph_137_0.5.gml,collections/graphs\graph_137_0.5.gml
graph_137_0.75.gml,collections/graphs\graph_137_0.75.gml
graph_138_0.125.gml,collections/graphs\graph_138_0.125.gml
graph_138_0.25.gml,collections/graphs\graph_138_0.25.gml
graph_138_0.5.gml,collections/graphs\graph_138_0.5.gml
graph_138_0.75.gml,collections/graphs\graph_138_0.75.gml
graph_139_0.125.gml,collections/graphs\graph_139_0.125.gml
graph_139_0.25.gml,collections/graphs\graph_139_0.25.gml
graph_139_0.5.gml,collections/graphs\graph_139_0.5.gml
graph_139_0.75.gml,collections/graphs\graph_139_0.75.gml
graph_140_0.125.gml,collections/graphs\graph_140_0.125.gml
graph_140_0.25.gml,collections/graphs\graph_140_0.25.gml
graph_140_0.5.gml,collections/graphs\graph_140_0.5.gml
graph_140_0.75.gml,collections/graphs\graph_140_0.75.gml
graph_141_0.125.gml,collections/graphs\graph_141_0.125.gml
graph_141_0.25.gml,collections/graphs\graph_141_0.25.gml
graph_141_0.5.gml,collections/graphs\graph_141_0.5.gml
graph_141_0.75.gml,collections/graphs\graph_141_0.75.gml
graph_142_0.125.gml,collections/graphs\graph_142_0.125.gml
graph_142_0.25.gml,collections/graphs\graph_142_0.25.gml
graph_142_0.5.gml,collections/graphs\graph_142_0.5.gml
graph_142_0.75.gml,collections/graphs\graph_142_0.75.gml
graph_143_0.125.gml,collections/graphs\graph_143_0.125.gml
graph_143_0.25.gml,collections/graphs\graph_143_0.25.gml
graph_143_0.5.gml,collections/graphs\graph_143_0.5.gml
graph_143_0.75.gml,collections/graphs\graph_143_0.75.gml
graph_144_0.125.gml,collections/graphs\graph_144_0.125.gml
graph_144_0.25.gml,collections/graphs\graph_144_0.25.gml
graph_144_0.5.gml,collections/graphs\graph_144_0.5.gml
graph_144_0.75.gml,collections/graphs\graph_144_0.75.gml
graph_145_0.125.gml,collections/graphs\graph_145_0.125.gml
graph_145_0.25.gml,collections/graphs\graph_145_0.25.gml
graph_145_0.5.gml,collections/graphs\graph_145_0.5.gml
graph_145_0.75.gml,collections/graphs\graph_145_0.75.gml
graph_146_0.125.gml,collections/graphs\graph_146_0.125.gml
graph_146_0.25.gml,collections/graphs\graph_146_0.25.gml
graph_146_0.5.gml,collections/graphs\graph_146_0.5.gml
graph_146_0.75.gml,collections/graphs\graph_146_0.75.gml
graph_147_0.125.gml,collections/graphs\graph_147_0.125.gml
graph_147_0.25.gml,collections/graphs\graph_147_0.25.gml
graph_147_0.5.gml,collections/graphs\graph_147_0.5.gml
graph_147_0.75.gml,collections/graphs\graph_147_0.75.gml
graph_148_0.125.gml,collections/graphs\graph_148_0.125.gml
graph_148_0.25.gml,collections/graphs\graph_148_0.25.gml
graph_148_0.5.gml,collections/graphs\graph_148_0.5.gml
graph_148_0.75.gml,collections/graphs\graph_148_0.75.gml
graph_149_0.125.gml,collections/graphs\graph_149_0.125.gml
graph_149_0.25.gml,collections/graphs\graph_149_0.25.gml
graph_149_0.5.gml,collections/graphs\graph_149_0.5.gml
graph_149_0.75.gml,collections/graphs\graph_149_0.75.gml
graph_150_0.125.gml,collections/graphs\graph_150_0.125.gml
graph_150_0.25.gml,collections/graphs\graph_150_0.25.gml
graph_150_0.5.gml,collections/graphs\graph_150_0.5.gml
graph_150_0.75.gml,collections/graphs\graph_150_0.75.gml
graph_151_0.125.gml,collections/graphs\graph_151_0.125.gml
graph_151_0.25.gml,collections/graphs\graph_151_0.25.gml
graph_151_0.5.gml,collections/graphs\graph_151_0.5.gml
graph_151_0.75.gml,collections/graphs\graph_151_0.75.gml
graph_152_0.125.gml,collections/graphs\graph_152_0.125.gml
graph_152_0.25.gml,collections/graphs\graph_152_0.25.gml
graph_152_0.5.gml,collections/graphs\graph_152_0.5.gml
graph_152_0.75.gml,collections/graphs\graph_152_0.75.gml
graph_153_0.125.gml,collections/graphs\graph_153_0.125.gml
graph_153_0.25.gml,collections/graphs\graph_153_0.25.gml
graph_153_0.5.gml,collections/graphs\graph_153_0.5.gml
graph_153_0.75.gml,collections/graphs\graph_153_0.75.gml
graph_154_0.125.gml,collections/graphs\graph_154_0.125.gml
graph_154_0.25.gml,collections/graphs\graph_154_0.25.gml
graph_154_0.5.gml,collections/graphs\graph_154_0.5.gml
graph_154_0.75.gml,collections/graphs\graph_154_0.75.gml
graph_155_0.125.gml,collections/graphs\graph_155_0.125.gml
graph_155_0.25.gml,collections/graphs\graph_155_0.25.gml
graph_155_0.5.gml,collections/graphs\graph_155_0.5.gml
graph_155_0.75.gml,collections/graphs\graph_155_0.75.gml
graph_156_0.125.gml,collections/graphs\graph_156_0.125.gml
graph_156_0.25.gml,collections/graphs\graph_156_0.25.gml
graph_156_0.5.gml,collections/graphs\graph_156_0.5.gml
graph_156_0.75.gml,collections/graphs\graph_156_0.75.gml
graph_157_0.125.gml,collections/graphs\graph_157_0.125.gml
graph_157_0.25.gml,collections/graphs\graph_157_0.25.gml
graph_157_0.5.gml,collections/graphs\graph_157_0.5.gml
graph_157_0.75.gml,collections/graphs\graph_157_0.75.gml
graph_158_0.125.gml,collections/graphs\graph_158_0.125.gml
graph_158_0.25.gml,collections/graphs\graph_158_0.25.gml
graph_158_0.5.gml,collections/graphs\graph_158_0.5.gml
graph_158_0.75.gml,collections/graphs\graph_158_0.75.gml
graph_159_0.125.gml,collections/graphs\graph_159_0.125.gml
graph_159_0.25.gml,collections/graphs\graph_159_0.25.gml
graph_159_0.5.gml,collections/graphs\graph_159_0.5.gml
graph_159_0.75.gml,collections/graphs\graph_159_0.75.gml
graph_160_0.125.gml,collections/graphs\graph_160_0.125.gml
graph_160_0.25.gml,collections/graphs\graph_160_0.25.gml
graph_160_0.5.gml,collections/graphs\graph_160_0.5.gml
graph_160_0.75.gml,collections/graphs\graph_160_0.75.gml
graph_161_0.125.gml,collections/graphs\graph_161_0.125.gml
graph_161_0.25.gml,collections/graphs\graph_161_0.25.gml
graph_161_0.5.gml,collections/graphs\graph_161_0.5.gml
graph_161_0.75.gml,collections/graphs\graph_161_0.75.gml
graph_162_0.125.gml,collections/graphs\graph_162_0.125.gml
graph_162_0.25.gml,collections/graphs\graph_162_0.25.gml
graph_162_0.5.gml,collections/graphs\graph_162_0.5.gml
graph_162_0.75.gml,collections/graphs\graph_162_0.75.gml
graph_163_0.125.gml,collections/graphs\graph_163_0.125.gml
graph_163_0.25.gml,collections/graphs\graph_163_0.25.gml
graph_163_0.5.gml,collections/graphs\graph_163_0.5.gml
graph_163_0.75.gml,collections/graphs\graph_163_0.75.gml
graph_164_0.125.gml,collections/graphs\graph_164_0.125.gml
graph_164_0.25.gml,collections/graphs\graph_164_0.25.gml
graph_164_0.5.gml,collections/graphs\graph_164_0.5.gml
graph_164_0.75.gml,collections/graphs\graph_164_0.75.gml
graph_165_0.125.gml,collections/graphs\graph_165_0.125.gml
graph_165_0.25.gml,collections/graphs\graph_165_0.25.gml
graph_165_0.5.gml,collections/graphs\graph_165_0.5.gml
graph_165_0.75.gml,collections/graphs\graph_165_0.75.gml
graph_166_0.125.gml,collections/graphs\graph_166_0.125.gml
graph_166_0.25.gml,collections/graphs\graph_166_0.25.gml
graph_166_0.5.gml,collections/graphs\graph_166_0.5.gml
graph_166_0.75.gml,collections/graphs\graph_166_0.75.gml
graph_167_0.125.gml,collections/graphs\graph_167_0.125.gml
graph_167_0.25.gml,collections/graphs\graph_167_0.25.gml
graph_167_0.5.gml,collections/graphs\graph_167_0.5.gml
graph_167_0.75.gml,collections/graphs\graph_167_0.75.gml
graph_168_0.125.gml,collections/graphs\graph_168_0.125.gml
graph_168_0.25.gml,collections/graphs\graph_168_0.25.gml
graph_168_0.5.gml,collections/graphs\graph_168_0.5.gml
graph_168_0.75.gml,collections/graphs\graph_168_0.75.gml
graph_169_0.125.gml,collections/graphs\graph_169_0.125.gml
graph_169_0.25.gml,collections/graphs\graph_169_0.25.gml
graph_169_0.5.gml,collections/graphs\graph_169_0.5.gml
graph_169_0.75.gml,collections/graphs\graph_169_0.75.gml
graph_170_0.125.gml,collections/graphs\graph_170_0.125.gml
graph_170_0.25.gml,collections/graphs\graph_170_0.25.gml
graph_170_0.5.gml,collections/graphs\graph_170_0.5.gml
graph_170_0.75.gml,collections/graphs\graph_170_0.75.gml
graph_171_0.125.gml,collections/graphs\graph_171_0.125.gml
graph_171_0.25.gml,collections/graphs\graph_171_0.25.gml
graph_171_0.5.gml,collections/graphs\graph_171_0.5.gml
graph_171_0.75.gml,collections/graphs\graph_171_0.75.gml
graph_172_0.125.gml,collections/graphs\graph_172_0.125.gml
graph_172_0.25.gml,collections/graphs\graph_172_0.25.gml
graph_172_0.5.gml,collections/graphs\graph_172_0.5.gml
graph_172_0.75.gml,collections/graphs\graph_172_0.75.gml
graph_173_0.125.gml,collections/graphs\graph_173_0.125.gml
graph_173_0.25.gml,collections/graphs\graph_173_0.25.gml
graph_173_0.5.gml,collections/graphs\graph_173_0.5.gml
graph_173_0.75.gml,collections/graphs\graph_173_0.75.gml
graph_174_0.125.gml,collections/graphs\graph_174_0.125.gml
graph_174_0.25.gml,collections/graphs\graph_174_0.25.gml
graph_174_0.5.gml,collections/graphs\graph_174_0.5.gml
graph_174_0.75.gml,collections/graphs\graph_174_0.75.gml
graph_175_0.125.gml,collections/graphs\graph_175_0.125.gml
graph_175_0.25.gml,collections/graphs\graph_175_0.25.gml
graph_175_0.5.gml,collections/graphs\graph_175_0.5.gml
graph_175_0.75.gml,collections/graphs\graph_175_0.75.gml
graph_176_0.125.gml,collections/graphs\graph_176_0.125.gml
graph_176_0.25.gml,collections/graphs\graph_176_0.25.gml
graph_176_0.5.gml,collections/graphs\graph_176_0.5.gml
graph_176_0.75.gml,collections/graphs\graph_176_0.75.gml
graph_177_0.125.gml,collections/graphs\graph_177_0.125.gml
graph_177_0.25.gml,collections/graphs\graph_177_0.25.gml
graph_177_0.5.gml,collections/graphs\graph_177_0.5.gml
graph_177_0.75.gml,collections/graphs\graph_177_0.75.gml
graph_178_0.125.gml,collections/graphs\graph_178_0.125.gml
graph_178_0.25.gml,collections/graphs\graph_178_0.25.gml
graph_178_0.5.gml,collections/graphs\graph_178_0.5.gml
graph_178_0.75.gml,collections/graphs\graph_178_0.75.gml
graph_179_0.125.gml,collections/graphs\graph_179_0.125.gml
graph_179_0.25.gml,collections/graphs\graph_179_0.25.gml
graph_179_0.5.gml,collections/graphs\graph_179_0.5.gml
graph_179_0.75.gml,collections/graphs\graph_179_0.75.gml
graph_180_0.125.gml,collections/graphs\graph_180_0.125.gml
graph_180_0.25.gml,collections/graphs\graph_180_0.25.gml
graph_180_0.5.gml,collections/graphs\graph_180_0.5.gml
graph_180_0.75.gml,collections/graphs\graph_180_0.75.gml
graph_181_0.125.gml,collections/graphs\graph_181_0.125.gml
graph_181_0.25.gml,collections/graphs\graph_181_0.25.gml
graph_181_0.5.gml,collections/graphs\graph_181_0.5.gml
graph_181_0.75.gml,collections/graphs\graph_181_0.75.gml
graph_182_0.125.gml,collections/graphs\graph_182_0.125.gml
graph_182_0.25.gml,collections/graphs\graph_182_0.25.gml
graph_182_0.5.gml,collections/graphs\graph_182_0.5.gml
graph_182_0.75.gml,collections/graphs\graph_182_0.75.gml
graph_183_0.125.gml,collections/graphs\graph_183_0.125.gml
graph_183_0.25.gml,collections/graphs\graph_183_0.25.gml
graph_183_0.5.gml,collections/graphs\graph_183_0.5.gml
graph_183_0.75.gml,collections/graphs\graph_183_0.75.gml
graph_184_0.125.gml,collections/graphs\graph_184_0.125.gml
graph_184_0.25.gml,collections/graphs\graph_184_0.25.gml
graph_184_0.5.gml,collections/graphs\graph_184_0.5.gml
graph_184_0.75.gml,collections/graphs\graph_184_0.75.gml
graph_185_0.125.gml,collections/graphs\graph_185_0.125.gml
graph_185_0.25.gml,collections/graphs\graph_185_0.25.gml
graph_185_0.5.gml,collections/graphs\graph_185_0.5.gml
graph_185_0.75.gml,collections/graphs\graph_185_0.75.gml
graph_186_0.125.gml,collections/graphs\graph_186_0.125.gml
graph_186_0.25.gml,collections/graphs\graph_186_0.25.gml
graph_186_0.5.gml,collections/graphs\graph_186_0.5.gml
graph_186_0.75.gml,collections/graphs\graph_186_0.75.gml
graph_187_0.125.gml,collections/graphs\graph_187_0.125.gml
graph_187_0.25.gml,collections/graphs\graph_187_0.25.gml
graph_187_0.5.gml,collections/graphs\graph_187_0.5.gml
graph_187_0.75.gml,collections/graphs\graph_187_0.75.gml
graph_188_0.125.gml,collections/graphs\graph_188_0.125.gml
graph_188_0.25.gml,collections/graphs\graph_188_0.25.gml
graph_188_0.5.gml,collections/graphs\graph_188_0.5.gml
graph_188_0.75.gml,collections/graphs\graph_188_0.75.gml
graph_189_0.125.gml,collections/graphs\graph_189_0.125.gml
graph_189_0.25.gml,collections/graphs\graph_189_0.25.gml
graph_189_0.5.gml,collections/graphs\graph_189_0.5.gml
graph_189_0.75.gml,collections/graphs\graph_189_0.75.gml
graph_190_0.125.gml,collections/graphs\graph_190_0.125.gml
graph_190_0.25.gml,collections/graphs\graph_190_0.25.gml
graph_190_0.5.gml,collections/graphs\graph_190_0.5.gml
graph_190_0.75.gml,collections/graphs\graph_190_0.75.gml
graph_191_0.125.gml,collections/graphs\graph_191_0.125.gml
graph_191_0.25.gml,collections/graphs\graph_191_0.25.gml
graph_191_0.5.gml,collections/graphs\graph_191_0.5.gml
graph_191_0.75.gml,collections/graphs\graph_191_0.75.gml
graph_192_0.125.gml,collections/graphs\graph_192_0.125.gml
graph_192_0.25.gml,collections/graphs\graph_192_0.25.gml
graph_192_0.5.gml,collections/graphs\graph_192_0.5.gml
graph_192_0.75.gml,collections/graphs\graph_192_0.75.gml
graph_193_0.125.gml,collections/graphs\graph_193_0.125.gml
graph_193_0.25.gml,collections/graphs\graph_193_0.25.gml
graph_193_0.5.gml,collections/graphs\graph_193_0.5.gml
graph_193_0.75.gml,collections/graphs\graph_193_0.75.gml
graph_194_0.125.gml,collections/graphs\graph_194_0.125.gml
graph_194_0.25.gml,collections/graphs\graph_194_0.25.gml
graph_194_0.5.gml,collections/graphs\graph_194_0.5.gml
graph_194_0.75.gml,collections/graphs\graph_194_0.75.gml
graph_195_0.125.gml,collections/graphs\graph_195_0.125.gml
graph_195_0.25.gml,collections/graphs\graph_195_0.25.gml
graph_195_0.5.gml,collections/graphs\graph_195_0.5.gml
graph_195_0.75.gml,collections/graphs\graph_195_0.75.gml
graph_196_0.125.gml,collections/graphs\graph_196_0.125.gml
graph_196_0.25.gml,collections/graphs\graph_196_0.25.gml
graph_196_0.5.gml,collections/graphs\graph_196_0.5.gml
graph_196_0.75.gml,collections/graphs\graph_196_0.75.gml
graph_197_0.125.gml,collections/graphs\graph_197_0.125.gml
graph_197_0.25.gml,collections/graphs\graph_197_0.25.gml
graph_197_0.5.gml,collections/graphs\graph_197_0.5.gml
graph_197_0.75.gml,collections/graphs\graph_197_0.75.gml
graph_198_0.125.gml,collections/graphs\graph_198_0.125.gml
graph_198_0.25.gml,collections/graphs\graph_198_0.25.gml
graph_198_0.5.gml,collections/graphs\graph_198_0.5.gml
graph_198_0.75.gml,collections/graphs\graph_198_0.75.gml
graph_199_0.125.gml,collections/graphs\graph_199_0.125.gml
graph_199_0.25.gml,collections/graphs\graph_199_0.25.gml
graph_199_0.5.gml,collections/graphs\graph_199_0.5.gml
graph_199_0.75.gml,collections/graphs\graph_199_0.75.gml
graph_200_0.125.gml,collections/graphs\graph_200_0.125.gml
graph_200_0.25.gml,collections/graphs\graph_200_0.25.gml
graph_200_0.5.gml,collections/graphs\graph_200_0.5.gml
graph_200_0.75.gml,collections/graphs\graph_200_0.75.gml
graph_201_0.125.gml,collections/graphs\graph_201_0.125.gml
graph_201_0.25.gml,collections/graphs\graph_201_0.25.gml
graph_201_0.5.gml,collections/graphs\graph_201_0.5.gml
graph_201_0.75.gml,collections/graphs\graph_201_0.75.gml
graph_202_0.125.gml,collections/graphs\graph_202_0.125.gml
graph_202_0.25.gml,collections/graphs\graph_202_0.25.gml
graph_202_0.5.gml,collections/graphs\graph_202_0.5.gml
graph_202_0.75.gml,collections/graphs\graph_202_0.75.gml
graph_203_0.125.gml,collections/graphs\graph_203_0.125.gml
graph_203_0.25.gml,collections/graphs\graph_203_0.25.gml
graph_203_0.5.gml,collections/graphs\graph_203_0.5.gml
graph_203_0.75.gml,collections/graphs\graph_203_0.75.gml
graph_204_0.125.gml,collections/graphs\graph_204_0.125.gml
graph_204_0.25.gml,collections/graphs\graph_204_0.25.gml
graph_204_0.5.gml,collections/graphs\graph_204_0.5.gml
graph_204_0.75.gml,collections/graphs\graph_204_0.75.gml
graph_205_0.125.gml,collections/graphs\graph_205_0.125.gml
graph_205_0.25.gml,collections/graphs\graph_205_0.25.gml
graph_205_0.5.gml,collections/graphs\graph_205_0.5.gml
graph_205_0.75.gml,collections/graphs\graph_205_0.75.gml
graph_206_0.125.gml,collections/graphs\graph_206_0.125.gml
graph_206_0.25.gml,collections/graphs\graph_206_0.25.gml
graph_206_0.5.gml,collections/graphs\graph_206_0.5.gml
graph_206_0.75.gml,collections/graphs\graph_206_0.75.gml
graph_207_0.125.gml,collections/graphs\graph_207_0.125.gml
graph_207_0.25.gml,collections/graphs\graph_207_0.25.gml
graph_207_0.5.gml,collections/graphs\graph_207_0.5.gml
graph_207_0.75.gml,collections/graphs\graph_207_0.75.gml
graph_208_0.125.gml,collections/graphs\graph_208_0.125.gml
graph_208_0.25.gml,collections/graphs\graph_208_0.25.gml
graph_208_0.5.gml,collections/graphs\graph_208_0.5.gml
graph_208_0.75.gml,collections/graphs\graph_208_0.75.gml
graph_209_0.125.gml,collections/graphs\graph_209_0.125.gml
graph_209_0.25.gml,collections/graphs\graph_209_0.25.gml
graph_209_0.5.gml,collections/graphs\graph_209_0.5.gml
graph_209_0.75.gml,collections/graphs\graph_209_0.75.gml
graph_210_0.125.gml,collections/graphs\graph_210_0.125.gml
graph_210_0.25.gml,collections/graphs\graph_210_0.25.gml
graph_210_0.5.gml,collections/graphs\graph_210_0.5.gml
graph_210_0.75.gml,collections/graphs\graph_210_0.75.gml
graph_211_0.125.gml,collections/graphs\graph_211_0.125.gml
graph_211_0.25.gml,collections/graphs\graph_211_0.25.gml
graph_211_0.5.gml,collections/graphs\graph_211_0.5.gml
graph_211_0.75.gml,collections/graphs\graph_211_0.75.gml
graph_212_0.125.gml,collections/graphs\graph_212_0.125.gml
graph_212_0.25.gml,collections/graphs\graph_212_0.25.gml
graph_212_0.5.gml,collections/graphs\graph_212_0.5.gml
graph_212_0.75.gml,collections/graphs\graph_212_0.75.gml
graph_213_0.125.gml,collections/graphs\graph_213_0.125.gml
graph_213_0.25.gml,collections/graphs\graph_213_0.25.gml
graph_213_0.5.gml,collections/graphs\graph_213_0.5.gml
graph_213_0.75.gml,collections/graphs\graph_213_0.75.gml
graph_214_0.125.gml,collections/graphs\graph_214_0.125.gml
graph_214_0.25.gml,collections/graphs\graph_214_0.25.gml
graph_214_0.5.gml,collections/graphs\graph_214_0.5.gml
graph_214_0.75.gml,collections/graphs\graph_214_0.75.gml
graph_215_0.125.gml,collections/graphs\graph_215_0.125.gml
graph_215_0.25.gml,collections/graphs\graph_215_0.25.gml
graph_215_0.5.gml,collections/graphs\graph_215_0.5.gml
graph_215_0.75.gml,collections/graphs\graph_215_0.75.gml
graph_216_0.125.gml,collections/graphs\graph_216_0.125.gml
graph_216_0.25.gml,collections/graphs\graph_216_0.25.gml
graph_216_0.5.gml,collections/graphs\graph_216_0.5.gml
graph_216_0.75.gml,collections/graphs\graph_216_0.75.gml
graph_217_0.125.gml,collections/graphs\graph_217_0.125.gml
graph_217_0.25.gml,collections/graphs\graph_217_0.25.gml
graph_217_0.5.gml,collections/graphs\graph_217_0.5.gml
graph_217_0.75.gml,collections/graphs\graph_217_0.75.gml
graph_218_0.125.gml,collections/graphs\graph_218_0.125.gml
graph_218_0.25.gml,collections/graphs\graph_218_0.25.gml
graph_218_0.5.gml,collections/graphs\graph_218_0.5.gml
graph_218_0.75.gml,collections/graphs\graph_218_0.75.gml
graph_219_0.125.gml,collections/graphs\graph_219_0.125.gml
graph_219_0.25.gml,collections/graphs\graph_219_0.25.gml
graph_219_0.5.gml,collections/graphs\graph_219_0.5.gml
graph_219_0.75.gml,collections/graphs\graph_219_0.75.gml
graph_220_0.125.gml,collections/graphs\graph_220_0.125.gml
graph_220_0.25.gml,collections/graphs\graph_220_0.25.gml
graph_220_0.5.gml,collections/graphs\graph_220_0.5.gml
graph_220_0.75.gml,collections/graphs\graph_220_0.75.gml
graph_221_0.125.gml,collections/graphs\graph_221_0.125.gml
graph_221_0.25.gml,collections/graphs\graph_221_0.25.gml
graph_221_0.5.gml,collections/graphs\graph_221_0.5.gml
graph_221_0.75.gml,collections/graphs\graph_221_0.75.gml
graph_222_0.125.gml,collections/graphs\graph_222_0.125.gml
graph_222_0.25.gml,collections/graphs\graph_222_0.25.gml
graph_222_0.5.gml,collections/graphs\graph_222_0.5.gml
graph_222_0.75.gml,collections/graphs\graph_222_0.75.gml
graph_223_0.125.gml,collections/graphs\graph_223_0.125.gml
graph_223_0.25.gml,collections/graphs\graph_223_0.25.gml
graph_223_0.5.gml,collections/graphs\graph_223_0.5.gml
graph_223_0.75.gml,collections/graphs\graph_223_0.75.gml
graph_224_0.125.gml,collections/graphs\graph_224_0.125.gml
graph_224_0.25.gml,collections/graphs\graph_224_0.25.gml
graph_224_0.5.gml,collections/graphs\graph_224_0.5.gml
graph_224_0.75.gml,collections/graphs\graph_224_0.75.gml
graph_225_0.125.gml,collections/graphs\graph_225_0.125.gml
graph_225_0.25.gml,collections/graphs\graph_225_0.25.gml
graph_225_0.5.gml,collections/graphs\graph_225_0.5.gml
graph_225_0.75.gml,collections/graphs\graph_225_0.75.gml
graph_226_0.125.gml,collections/graphs\graph_226_0.125.gml
graph_226_0.25.gml,collections/graphs\graph_226_0.25.gml
graph_226_0.5.gml,collections/graphs\graph_226_0.5.gml
graph_226_0.75.gml,collections/graphs\graph_226_0.75.gml
graph_227_0.125.gml,collections/graphs\graph_227_0.125.gml
graph_227_0.25.gml,collections/graphs\graph_227_0.25.gml
graph_227_0.5.gml,collections/graphs\graph_227_0.5.gml
graph_227_0.75.gml,collections/graphs\graph_227_0.75.gml
graph_228_0.125.gml,collections/graphs\graph_228_0.125.gml
graph_228_0.25.gml,collections/graphs\graph_228_0.25.gml
graph_228_0.5.gml,collections/graphs\graph_228_0.5.gml
graph_228_0.75.gml,collections/graphs\graph_228_0.75.gml
graph_229_0.125.gml,collections/graphs\graph_229_0.125.gml
graph_229_0.25.gml,collections/graphs\graph_229_0.25.gml
graph_229_0.5.gml,collections/graphs\graph_229_0.5.gml
graph_229_0.75.gml,collections/graphs\graph_229_0.75.gml
graph_230_0.125.gml,collections/graphs\graph_230_0.125.gml
graph_230_0.25.gml,collections/graphs\graph_230_0.25.gml
graph_230_0.5.gml,collections/graphs\graph_230_0.5.gml
graph_230_0.75.gml,collections/graphs\graph_230_0.75.gml
graph_231_0.125.gml,collections/graphs\graph_231_0.125.gml
graph_231_0.25.gml,collections/graphs\graph_231_0.25.gml
graph_231_0.5.gml,collections/graphs\graph_231_0.5.gml
graph_231_0.75.gml,collections/graphs\graph_231_0.75.gml
graph_232_0.125.gml,collections/graphs\graph_232_0.125.gml
graph_232_0.25.gml,collections/graphs\graph_232_0.25.gml
graph_232_0.5.gml,collections/graphs\graph_232_0.5.gml
graph_232_0.75.gml,collections/graphs\graph_232_0.75.gml
graph_233_0.125.gml,collections/graphs\graph_233_0.125.gml
graph_233_0.25.gml,collections/graphs\graph_233_0.25.gml
graph_233_0.5.gml,collections/graphs\graph_233_0.5.gml
graph_233_0.75.gml,collections/graphs\graph_233_0.75.gml
graph_234_0.125.gml,collections/graphs\graph_234_0.125.gml
graph_234_0.25.gml,collections/graphs\graph_234_0.25.gml
graph_234_0.5.gml,collections/graphs\graph_234_0.5.gml
graph_234_0.75.gml,collections/graphs\graph_234_0.75.gml
graph_235_0.125.gml,collections/graphs\graph_235_0.125.gml
graph_235_0.25.gml,collections/graphs\graph_235_0.25.gml
graph_235_0.5.gml,collections/graphs\graph_235_0.5.gml
graph_235_0.75.gml,collections/graphs\graph_235_0.75.gml
graph_236_0.125.gml,collections/graphs\graph_236_0.125.gml
graph_236_0.25.gml,collections/graphs\graph_236_0.25.gml
graph_236_0.5.gml,collections/graphs\graph_236_0.5.gml
graph_236_0.75.gml,collections/graphs\graph_236_0.75.gml
graph_237_0.125.gml,collections/graphs\graph_237_0.125.gml
graph_237_0.25.gml,collections/graphs\graph_237_0.25.gml
graph_237_0.5.gml,collections/graphs\graph_237_0.5.gml
graph_237_0.75.gml,collections/graphs\graph_237_0.75.gml
graph_238_0.125.gml,collections/graphs\graph_238_0.125.gml
graph_238_0.25.gml,collections/graphs\graph_238_0.25.gml
graph_238_0.5.gml,collections/graphs\graph_238_0.5.gml
graph_238_0.75.gml,collections/graphs\graph_238_0.75.gml
graph_239_0.125.gml,collections/graphs\graph_239_0.125.gml
graph_239_0.25.gml,collections/graphs\graph_239_0.25.gml
graph_239_0.5.gml,collections/graphs\graph_239_0.5.gml
graph_239_0.75.gml,collections/graphs\graph_239_0.75.gml
graph_240_0.125.gml,collections/graphs\graph_240_0.125.gml
graph_240_0.25.gml,collections/graphs\graph_240_0.25.gml
graph_240_0.5.gml,collections/graphs\graph_240_0.5.gml
graph_240_0.75.gml,collections/graphs\graph_240_0.75.gml
graph_241_0.125.gml,collections/graphs\graph_241_0.125.gml
graph_241_0.25.gml,collections/graphs\graph_241_0.25.gml
graph_241_0.5.gml,collections/graphs\graph_241_0.5.gml
graph_241_0.75.gml,collections/graphs\graph_241_0.75.gml
graph_242_0.125.gml,collections/graphs\graph_242_0.125.gml
graph_242_0.25.gml,collections/graphs\graph_242_0.25.gml
graph_242_0.5.gml,collections/graphs\graph_242_0.5.gml
graph_242_0.75.gml,collections/graphs\graph_242_0.75.gml
graph_243_0.125.gml,collections/graphs\graph_243_0.125.gml
graph_243_0.25.gml,collections/graphs\graph_243_0.25.gml
graph_243_0.5.gml,collections/graphs\graph_243_0.5.gml
graph_243_0.75.gml,collections/graphs\graph_243_0.75.gml
graph_244_0.125.gml,collections/graphs\graph_244_0.125.gml
graph_244_0.25.gml,collections/graphs\graph_244_0.25.gml
graph_244_0.5.gml,collections/graphs\graph_244_0.5.gml
graph_244_0.75.gml,collections/graphs\graph_244_0.75.gml
graph_245_0.125.gml,collections/graphs\graph_245_0.125.gml
graph_245_0.25.gml,collections/graphs\graph_245_0.25.gml
graph_245_0.5.gml,collections/graphs\graph_245_0.5.gml
graph_245_0.75.gml,collections/graphs\graph_245_0.75.gml
graph_246_0.125.gml,collections/graphs\graph_246_0.125.gml
graph_246_0.25.gml,collections/graphs\graph_246_0.25.gml
graph_246_0.5.gml,collections/graphs\graph_246_0.5.gml
graph_246_0.75.gml,collections/graphs\graph_246_0.75.gml
graph_247_0.125.gml,collections/graphs\graph_247_0.125.gml
graph_247_0.25.gml,collections/graphs\graph_247_0.25.gml
graph_247_0.5.gml,collections/graphs\graph_247_0.5.gml
graph_247_0.75.gml,collections/graphs\graph_247_0.75.gml
graph_248_0.125.gml,collections/graphs\graph_248_0.125.gml
graph_248_0.25.gml,collections/graphs\graph_248_0.25.gml
graph_248_0.5.gml,collections/graphs\graph_248_0.5.gml
graph_248_0.75.gml,collections/graphs\graph_248_0.75.gml
graph_249_0.125.gml,collections/graphs\graph_249_0.125.gml
graph_249_0.25.gml,collections/graphs\graph_249_0.25.gml
graph_249_0.5.gml,collections/graphs\graph_249_0.5.gml
graph_249_0.75.gml,collections/graphs\graph_249_0.75.gml
graph_250_0.125.gml,collections/graphs\graph_250_0.125.gml
graph_250_0.25.gml,collections/graphs\graph_250_0.25.gml
graph_250_0.5.gml,collections/graphs\graph_250_0.5.gml
graph_250_0.75.gml,collections/graphs\graph_250_0.75.gml
graph_251_0.125.gml,collections/graphs\graph_251_0.125.gml
graph_251_0.25.gml,collections/graphs\graph_251_0.25.gml
graph_251_0.5.gml,collections/graphs\graph_251_0.5.gml
graph_251_0.75.gml,collections/graphs\graph_251_0.75.gml
graph_252_0.125.gml,collections/graphs\graph_252_0.125.gml
graph_252_0.25.gml,collections/graphs\graph_252_0.25.gml
graph_252_0.5.gml,collections/graphs\graph_252_0.5.gml
graph_252_0.75.gml,collections/graphs\graph_252_0.75.gml
graph_253_0.125.gml,collections/graphs\graph_253_0.125.gml
graph_253_0.25.gml,collections/graphs\graph_253_0.25.gml
graph_253_0.5.gml,collections/graphs\graph_253_0.5.gml
graph_253_0.75.gml,collections/graphs\graph_253_0.75.gml
graph_254_0.125.gml,collections/graphs\graph_254_0.125.gml
graph_254_0.25.gml,collections/graphs\graph_254_0.25.gml
graph_254_0.5.gml,collections/graphs\graph_254_0.5.gml
graph_254_0.75.gml,collections/graphs\graph_254_0.75.gml
graph_255_0.125.gml,collections/graphs\graph_255_0.125.gml
graph_255_0.25.gml,collections/graphs\graph_255_0.25.gml
graph_255_0.5.gml,collections/graphs\graph_255_0.5.gml
graph_255_0.75.gml,collections/graphs\graph_255_0.75.gml
graph_256_0.125.gml,collections/graphs\graph_256_0.125.gml
graph_256_0.25.gml,collections/graphs\graph_256_0.25.gml
graph_256_0.5.gml,collections/graphs\graph_256_0.5.gml
graph_256_0.75.gml,collections/graphs\graph_256_0.75.gml
graph_257_0.125.gml,collections/graphs\graph_257_0.125.gml
graph_257_0.25.gml,collections/graphs\graph_257_0.25.gml
graph_257_0.5.gml,collections/graphs\graph_257_0.5.gml
graph_257_0.75.gml,collections/graphs\graph_257_0.75.gml
graph_258_0.125.gml,collections/graphs\graph_258_0.125.gml
graph_258_0.25.gml,collections/graphs\graph_258_0.25.gml
graph_258_0.5.gml,collections/graphs\graph_258_0.5.gml
graph_258_0.75.gml,collections/graphs\graph_258_0.75.gml
graph_259_0.125.gml,collections/graphs\graph_259_0.125.gml
graph_259_0.25.gml,collections/graphs\graph_259_0.25.gml
graph_259_0.5.gml,collections/graphs\graph_259_0.5.gml
graph_259_0.75.gml,collections/graphs\graph_259_0.75.gml
graph_260_0.125.gml,collections/graphs\graph_260_0.125.gml
graph_260_0.25.gml,collections/graphs\graph_260_0.25.gml
graph_260_0.5.gml,collections/graphs\graph_260_0.5.gml
graph_260_0.75.gml,collections/graphs\graph_260_0.75.gml
graph_261_0.125.gml,collections/graphs\graph_261_0.125.gml
graph_261_0.25.gml,collections/graphs\graph_261_0.25.gml
graph_261_0.5.gml,collections/graphs\graph_261_0.5.gml
graph_261_0.75.gml,collections/graphs\graph_261_0.75.gml
graph_262_0.125.gml,collections/graphs\graph_262_0.125.gml
graph_262_0.25.gml,collections/graphs\graph_262_0.25.gml
graph_262_0.5.gml,collections/graphs\graph_262_0.5.gml
graph_262_0.75.gml,collections/graphs\graph_262_0.75.gml
graph_263_0.125.gml,collections/graphs\graph_263_0.125.gml
graph_263_0.25.gml,collections/graphs\graph_263_0.25.gml
graph_263_0.5.gml,collections/graphs\graph_263_0.5.gml
graph_263_0.75.gml,collections/graphs\graph_263_0.75.gml
graph_264_0.125.gml,collections/graphs\graph_264_0.125.gml
graph_264_0.25.gml,collections/graphs\graph_264_0.25.gml
graph_264_0.5.gml,collections/graphs\graph_264_0.5.gml
graph_264_0.75.gml,collections/graphs\graph_264_0.75.gml
graph_265_0.125.gml,collections/graphs\graph_265_0.125.gml
graph_265_0.25.gml,collections/graphs\graph_265_0.25.gml
graph_265_0.5.gml,collections/graphs\graph_265_0.5.gml
graph_265_0.75.gml,collections/graphs\graph_265_0.75.gml
graph_266_0.125.gml,collections/graphs\graph_266_0.125.gml
graph_266_0.25.gml,collections/graphs\graph_266_0.25.gml
graph_266_0.5.gml,collections/graphs\graph_266_0.5.gml
graph_266_0.75.gml,collections/graphs\graph_266_0.75.gml
graph_267_0.125.gml,collections/graphs\graph_267_0.125.gml
graph_267_0.25.gml,collections/graphs\graph_267_0.25.gml
graph_267_0.5.gml,collections/graphs\graph_267_0.5.gml
graph_267_0.75.gml,collections/graphs\graph_267_0.75.gml
graph_268_0.125.gml,collections/graphs\graph_268_0.125.gml
graph_268_0.25.gml,collections/graphs\graph_268_0.25.gml
graph_268_0.5.gml,collections/graphs\graph_268_0.5.gml
graph_268_0.75.gml,collections/graphs\graph_268_0.75.gml
graph_269_0.125.gml,collections/graphs\graph_269_0.125.gml
graph_269_0.25.gml,collections/graphs\graph_269_0.25.gml
graph_269_0.5.gml,collections/graphs\graph_269_0.5.gml
graph_269_0.75.gml,collections/graphs\graph_269_0.75.gml
graph_270_0.125.gml,collections/graphs\graph_270_0.125.gml
graph_270_0.25.gml,collections/graphs\graph_270_0.25.gml
graph_270_0.5.gml,collections/graphs\graph_270_0.5.gml
graph_270_0.75.gml,collections/graphs\graph_270_0.75.gml
graph_271_0.125.gml,collections/graphs\graph_271_0.125.gml
graph_271_0.25.gml,collections/graphs\graph_271_0.25.gml
graph_271_0.5.gml,collections/graphs\graph_271_0.5.gml
graph_271_0.75.gml,collections/graphs\graph_271_0.75.gml
graph_272_0.125.gml,collections/graphs\graph_272_0.125.gml
graph_272_0.25.gml,collections/graphs\graph_272_0.25.gml
graph_272_0.5.gml,collections/graphs\graph_272_0.5.gml
graph_272_0.75.gml,collections/graphs\graph_272_0.75.gml
graph_273_0.125.gml,collections/graphs\graph_273_0.125.gml
graph_273_0.25.gml,collections/graphs\graph_273_0.25.gml
graph_273_0.5.gml,collections/graphs\graph_273_0.5.gml
graph_273_0.75.gml,collections/graphs\graph_273_0.75.gml
graph_274_0.125.gml,collections/graphs\graph_274_0.125.gml
graph_274_0.25.gml,collections/graphs\graph_274_0.25.gml
graph_274_0.5.gml,collections/graphs\graph_274_0.5.gml
graph_274_0.75.gml,collections/graphs\graph_274_0.75.gml
graph_275_0.125.gml,collections/graphs\graph_275_0.125.gml
graph_275_0.25.gml,collections/graphs\graph_275_0.25.gml
graph_275_0.5.gml,collections/graphs\graph_275_0.5.gml
graph_275_0.75.gml,collections/graphs\graph_275_0.75.gml
graph_276_0.125.gml,collections/graphs\graph_276_0.125.gml
graph_276_0.25.gml,collections/graphs\graph_276_0.25.gml
graph_276_0.5.gml,collections/graphs\graph_276_0.5.gml
graph_276_0.75.gml,collections/graphs\graph_276_0.75.gml
graph_277_0.125.gml,collections/graphs\graph_277_0.125.gml
graph_277_0.25.gml,collections/graphs\graph_277_0.25.gml
graph_277_0.5.gml,collections/graphs\graph_277_0.5.gml
graph_277_0.75.gml,collections/graphs\graph_277_0.75.gml
graph_278_0.125.gml,collections/graphs\graph_278_0.125.gml
graph_278_0.25.gml,collections/graphs\graph_278_0.25.gml
graph_278_0.5.gml,collections/graphs\graph_278_0.5.gml
graph_278_0.75.gml,collections/graphs\graph_278_0.75.gml
graph_279_0.125.gml,collections/graphs\graph_279_0.125.gml
graph_279_0.25.gml,collections/graphs\graph_279_0.25.gml
graph_279_0.5.gml,collections/graphs\graph_279_0.5.gml
graph_279_0.75.gml,collections/graphs\graph_279_0.75.gml
graph_280_0.125.gml,collections/graphs\graph_280_0.125.gml
graph_280_0.25.gml,collections/graphs\graph_280_0.25.gml
graph_280_0.5.gml,collections/graphs\graph_280_0.5.gml
graph_280_0.75.gml,collections/graphs\graph_280_0.75.gml
graph_281_0.125.gml,collections/graphs\graph_281_0.125.gml
graph_281_0.25.gml,collections/graphs\graph_281_0.25.gml
graph_281_0.5.gml,collections/graphs\graph_281_0.5.gml
graph_281_0.75.gml,collections/graphs\graph_281_0.75.gml
graph_282_0.125.gml,collections/graphs\graph_282_0.125.gml
graph_282_0.25.gml,collections/graphs\graph_282_0.25.gml
graph_282_0.5.gml,collections/graphs\graph_282_0.5.gml
graph_282_0.75.gml,collections/graphs\graph_282_0.75.gml
graph_283_0.125.gml,collections/graphs\graph_283_0.125.gml
graph_283_0.25.gml,collections/graphs\graph_283_0.25.gml
graph_283_0.5.gml,collections/graphs\graph_283_0.5.gml
graph_283_0.75.gml,collections/graphs\graph_283_0.75.gml
graph_284_0.125.gml,collections/graphs\graph_284_0.125.gml
graph_284_0.25.gml,collections/graphs\graph_284_0.25.gml
graph_284_0.5.gml,collections/graphs\graph_284_0.5.gml
graph_284_0.75.gml,collections/graphs\graph_284_0.75.gml
graph_285_0.125.gml,collections/graphs\graph_285_0.125.gml
graph_285_0.25.gml,collections/graphs\graph_285_0.25.gml
graph_285_0.5.gml,collections/graphs\graph_285_0.5.gml
graph_285_0.75.gml,collections/graphs\graph_285_0.75.gml
graph_286_0.125.gml,collections/graphs\graph_286_0.125.gml
graph_286_0.25.gml,collections/graphs\graph_286_0.25.gml
graph_286_0.5.gml,collections/graphs\graph_286_0.5.gml
graph_286_0.75.gml,collections/graphs\graph_286_0.75.gml
graph_287_0.125.gml,collections/graphs\graph_287_0.125.gml
graph_287_0.25.gml,collections/graphs\graph_287_0.25.gml
graph_287_0.5.gml,collections/graphs\graph_287_0.5.gml
graph_287_0.75.gml,collections/graphs\graph_287_0.75.gml
graph_288_0.125.gml,collections/graphs\graph_288_0.125.gml
graph_288_0.25.gml,collections/graphs\graph_288_0.25.gml
graph_288_0.5.gml,collections/graphs\graph_288_0.5.gml
graph_288_0.75.gml,collections/graphs\graph_288_0.75.gml
graph_289_0.125.gml,collections/graphs\graph_289_0.125.gml
graph_289_0.25.gml,collections/graphs\graph_289_0.25.gml
graph_289_0.5.gml,collections/graphs\graph_289_0.5.gml
graph_289_0.75.gml,collections/graphs\graph_289_0.75.gml
graph_290_0.125.gml,collections/graphs\graph_290_0.125.gml
graph_290_0.25.gml,collections/graphs\graph_290_0.25.gml
graph_290_0.5.gml,collections/graphs\graph_290_0.5.gml
graph_290_0.75.gml,collections/graphs\graph_290_0.75.gml
graph_291_0.125.gml,collections/graphs\graph_291_0.125.gml
graph_291_0.25.gml,collections/graphs\graph_291_0.25.gml
graph_291_0.5.gml,collections/graphs\graph_291_0.5.gml
graph_291_0.75.gml,collections/graphs\graph_291_0.75.gml
graph_292_0.125.gml,collections/graphs\graph_292_0.125.gml
graph_292_0.25.gml,collections/graphs\graph_292_0.25.gml
graph_292_0.5.gml,collections/graphs\graph_292_0.5.gml
graph_292_0.75.gml,collections/graphs\graph_292_0.75.gml
graph_293_0.125.gml,collections/graphs\graph_293_0.125.gml
graph_293_0.25.gml,collections/graphs\graph_293_0.25.gml
graph_293_0.5.gml,collections/graphs\graph_293_0.5.gml
graph_293_0.75.gml,collections/graphs\graph_293_0.75.gml
graph_294_0.125.gml,collections/graphs\graph_294_0.125.gml
graph_294_0.25.gml,collections/graphs\graph_294_0.25.gml
graph_294_0.5.gml,collections/graphs\graph_294_0.5.gml
graph_294_0.75.gml,collections/graphs\graph_294_0.75.gml
graph_295_0.125.gml,collections/graphs\graph_295_0.125.gml
graph_295_0.25.gml,collections/graphs\graph_295_0.25.gml
graph_295_0.5.gml,collections/graphs\graph_295_0.5.gml
graph_295_0.75.gml,collections/graphs\graph_295_0.75.gml
graph_296_0.125.gml,collections/graphs\graph_296_0.125.gml
graph_296_0.25.gml,collections/graphs\graph_296_0.25.gml
graph_296_0.5.gml,collections/graphs\graph_296_0.5.gml
graph_296_0.75.gml,collections/graphs\graph_296_0.75.gml
graph_297_0.125.gml,collections/graphs\graph_297_0.125.gml
graph_297_0.25.gml,collections/graphs\graph_297_0.25.gml
graph_297_0.5.gml,collections/graphs\graph_297_0.5.gml
graph_297_0.75.gml,collections/graphs\graph_297_0.75.gml
graph_298_0.125.gml,collections/graphs\graph_298_0.125.gml
graph_298_0.25.gml,collections/graphs\graph_298_0.25.gml
graph_298_0.5.gml,collections/graphs\graph_298_0.5.gml
graph_298_0.75.gml,collections/graphs\graph_298_0.75.gml
graph_299_0.125.gml,collections/graphs\graph_299_0.125.gml
graph_299_0.25.gml,collections/graphs\graph_299_0.25.gml
graph_299_0.5.gml,collections/graphs\graph_299_0.5.gml
graph_299_0.75.gml,collections/graphs\graph_299_0.75.gml
graph_300_0.125.gml,collections/graphs\graph_300_0.125.gml
graph_300_0.25.gml,collections/graphs\graph_300_0.25.gml
graph_300_0.5.gml,collections/graphs\graph_300_0.5.gml
graph_300_0.75.gml,collections/graphs\graph_300_0.75.gml
graph_301_0.125.gml,collections/graphs\graph_301_0.125.gml
graph_301_0.25.gml,collections/graphs\graph_301_0.25.gml
graph_301_0.5.gml,collections/graphs\graph_301_0.5.gml
graph_301_0.75.gml,collections/graphs\graph_301_0.75.gml
graph_302_0.125.gml,collections/graphs\graph_302_0.125.gml
graph_302_0.25.gml,collections/graphs\graph_302_0.25.gml
graph_302_0.5.gml,collections/graphs\graph_302_0.5.gml
graph_302_0.75.gml,collections/graphs\graph_302_0.75.gml
graph_303_0.125.gml,collections/graphs\graph_303_0.125.gml
graph_303_0.25.gml,collections/graphs\graph_303_0.25.gml
graph_303_0.5.gml,collections/graphs\graph_303_0.5.gml
graph_303_0.75.gml,collections/graphs\graph_303_0.75.gml
graph_304_0.125.gml,collections/graphs\graph_304_0.125.gml
graph_304_0.25.gml,collections/graphs\graph_304_0.25.gml
graph_304_0.5.gml,collections/graphs\graph_304_0.5.gml
graph_304_0.75.gml,collections/graphs\graph_304_0.75.gml
graph_305_0.125.gml,collections/graphs\graph_305_0.125.gml
graph_305_0.25.gml,collections/graphs\graph_305_0.25.gml
graph_305_0.5.gml,collections/graphs\graph_305_0.5.gml
graph_305_0.75.gml,collections/graphs\graph_305_0.75.gml
graph_306_0.125.gml,collections/graphs\graph_306_0.125.gml
graph_306_0.25.gml,collections/graphs\graph_306_0.25.gml
graph_306_0.5.gml,collections/graphs\graph_306_0.5.gml
graph_306_0.75.gml,collections/graphs\graph_306_0.75.gml
graph_307_0.125.gml,collections/graphs\graph_307_0.125.gml
graph_307_0.25.gml,collections/graphs\graph_307_0.25.gml
graph_307_0.5.gml,collections/graphs\graph_307_0.5.gml
graph_307_0.75.gml,collections/graphs\graph_307_0.75.gml
graph_308_0.125.gml,collections/graphs\graph_308_0.125.gml
graph_308_0.25.gml,collections/graphs\graph_308_0.25.gml
graph_308_0.5.gml,collections/graphs\graph_308_0.5.gml
graph_308_0.75.gml,collections/graphs\graph_308_0.75.gml
graph_309_0.125.gml,collections/graphs\graph_309_0.125.gml
graph_309_0.25.gml,collections/graphs\graph_309_0.25.gml
graph_309_0.5.gml,collections/graphs\graph_309_0.5.gml
graph_309_0.75.gml,collections/graphs\graph_309_0.75.gml
graph_310_0.125.gml,collections/graphs\graph_310_0.125.gml
graph_310_0.25.gml,collections/graphs\graph_310_0.25.gml
graph_310_0.5.gml,collections/graphs\graph_310_0.5.gml
graph_310_0.75.gml,collections/graphs\graph_310_0.75.gml
graph_311_0.125.gml,collections/graphs\graph_311_0.125.gml
graph_311_0.25.gml,collections/graphs\graph_311_0.25.gml
graph_311_0.5.gml,collections/graphs\graph_311_0.5.gml
graph_311_0.75.gml,collections/graphs\graph_311_0.75.gml
graph_312_0.125.gml,collections/graphs\graph_312_0.125.gml
graph_312_0.25.gml,collections/graphs\graph_312_0.25.gml
graph_312_0.5.gml,collections/graphs\graph_312_0.5.gml
graph_312_0.75.gml,collections/graphs\graph_312_0.75.gml
graph_313_0.125.gml,collections/graphs\graph_313_0.125.gml
graph_313_0.25.gml,collections/graphs\graph_313_0.25.gml
graph_313_0.5.gml,collections/graphs\graph_313_0.5.gml
graph_313_0.75.gml,collections/graphs\graph_313_0.75.gml
graph_314_0.125.gml,collections/graphs\graph_314_0.125.gml
graph_314_0.25.gml,collections/graphs\graph_314_0.25.gml
graph_314_0.5.gml,collections/graphs\graph_314_0.5.gml
graph_314_0.75.gml,collections/graphs\graph_314_0.75.gml
graph_315_0.125.gml,collections/graphs\graph_315_0.125.gml
graph_315_0.25.gml,collections/graphs\graph_315_0.25.gml
graph_315_0.5.gml,collections/graphs\graph_315_0.5.gml
graph_315_0.75.gml,collections/graphs\graph_315_0.75.gml
graph_316_0.125.gml,collections/graphs\graph_316_0.125.gml
graph_316_0.25.gml,collections/graphs\graph_316_0.25.gml
graph_316_0.5.gml,collections/graphs\graph_316_0.5.gml
graph_316_0.75.gml,collections/graphs\graph_316_0.75.gml
graph_317_0.125.gml,collections/graphs\graph_317_0.125.gml
graph_317_0.25.gml,collections/graphs\graph_317_0.25.gml
graph_317_0.5.gml,collections/graphs\graph_317_0.5.gml
graph_317_0.75.gml,collections/graphs\graph_317_0.75.gml
graph_318_0.125.gml,collections/graphs\graph_318_0.125.gml
graph_318_0.25.gml,collections/graphs\graph_318_0.25.gml
graph_318_0.5.gml,collections/graphs\graph_318_0.5.gml
graph_318_0.75.gml,collections/graphs\graph_318_0.75.gml
graph_319_0.125.gml,collections/graphs\graph_319_0.125.gml
graph_319_0.25.gml,collections/graphs\graph_319_0.25.gml
graph_319_0.5.gml,collections/graphs\graph_319_0.5.gml
graph_319_0.75.gml,collections/graphs\graph_319_0.75.gml
graph_320_0.125.gml,collections/graphs\graph_320_0.125.gml
graph_320_0.25.gml,collections/graphs\graph_320_0.25.gml
graph_320_0.5.gml,collections/graphs\graph_320_0.5.gml
graph_320_0.75.gml,collections/graphs\graph_320_0.75.gml
graph_321_0.125.gml,collections/graphs\graph_321_0.125.gml
graph_321_0.25.gml,collections/graphs\graph_321_0.25.gml
graph_321_0.5.gml,collections/graphs\graph_321_0.5.gml
graph_321_0.75.gml,collections/graphs\graph_321_0.75.gml
graph_322_0.125.gml,collections/graphs\graph_322_0.125.gml
graph_322_0.25.gml,collections/graphs\graph_322_0.25.gml
graph_322_0.5.gml,collections/graphs\graph_322_0.5.gml
graph_322_0.75.gml,collections/graphs\graph_322_0.75.gml
graph_323_0.125.gml,collections/graphs\graph_323_0.125.gml
graph_323_0.25.gml,collections/graphs\graph_323_0.25.gml
graph_323_0.5.gml,collections/graphs\graph_323_0.5.gml
graph_323_0.75.gml,collections/graphs\graph_323_0.75.gml
graph_324_0.125.gml,collections/graphs\graph_324_0.125.gml
graph_324_0.25.gml,collections/graphs\graph_324_0.25.gml
graph_324_0.5.gml,collections/graphs\graph_324_0.5.gml
graph_324_0.75.gml,collections/graphs\graph_324_0.75.gml
graph_325_0.125.gml,collections/graphs\graph_325_0.125.gml
graph_325_0.25.gml,collections/graphs\graph_325_0.25.gml
graph_325_0.5.gml,collections/graphs\graph_325_0.5.gml
graph_325_0.75.gml,collections/graphs\graph_325_0.75.gml
graph_326_0.125.gml,collections/graphs\graph_326_0.125.gml
graph_326_0.25.gml,collections/graphs\graph_326_0.25.gml
graph_326_0.5.gml,collections/graphs\graph_326_0.5.gml
graph_326_0.75.gml,collections/graphs\graph_326_0.75.gml
graph_327_0.125.gml,collections/graphs\graph_327_0.125.gml
graph_327_0.25.gml,collections/graphs\graph_327_0.25.gml
graph_327_0.5.gml,collections/graphs\graph_327_0.5.gml
graph_327_0.75.gml,collections/graphs\graph_327_0.75.gml
graph_328_0.125.gml,collections/graphs\graph_328_0.125.gml
graph_328_0.25.gml,collections/graphs\graph_328_0.25.gml
graph_328_0.5.gml,collections/graphs\graph_328_0.5.gml
graph_328_0.75.gml,collections/graphs\graph_328_0.75.gml
graph_329_0.125.gml,collections/graphs\graph_329_0.125.gml
graph_329_0.25.gml,collections/graphs\graph_329_0.25.gml
graph_329_0.5.gml,collections/graphs\graph_329_0.5.gml
graph_329_0.75.gml,collections/graphs\graph_329_0.75.gml
graph_330_0.125.gml,collections/graphs\graph_330_0.125.gml
graph_330_0.25.gml,collections/graphs\graph_330_0.25.gml
graph_330_0.5.gml,collections/graphs\graph_330_0.5.gml
graph_330_0.75.gml,collections/graphs\graph_330_0.75.gml
graph_331_0.125.gml,collections/graphs\graph_331_0.125.gml
graph_331_0.25.gml,collections/graphs\graph_331_0.25.gml
graph_331_0.5.gml,collections/graphs\graph_331_0.5.gml
graph_331_0.75.gml,collections/graphs\graph_331_0.75.gml
graph_332_0.125.gml,collections/graphs\graph_332_0.125.gml
graph_332_0.25.gml,collections/graphs\graph_332_0.25.gml
graph_332_0.5.gml,collections/graphs\graph_332_0.5.gml
graph_332_0.75.gml,collections/graphs\graph_332_0.75.gml
graph_333_0.125.gml,collections/graphs\graph_333_0.125.gml
graph_333_0.25.gml,collections/graphs\graph_333_0.25.gml
graph_333_0.5.gml,collections/graphs\graph_333_0.5.gml
graph_333_0.75.gml,collections/graphs\graph_333_0.75.gml
graph_334_0.125.gml,collections/graphs\graph_334_0.125.gml
graph_334_0.25.gml,collections/graphs\graph_334_0.25.gml
graph_334_0.5.gml,collections/graphs\graph_334_0.5.gml
graph_334_0.75.gml,collections/graphs\graph_334_0.75.gml
graph_335_0.125.gml,collections/graphs\graph_335_0.125.gml
graph_335_0.25.gml,collections/graphs\graph_335_0.25.gml
graph_335_0.5.gml,collections/graphs\graph_335_0.5.gml
graph_335_0.75.gml,collections/graphs\graph_335_0.75.gml
graph_336_0.125.gml,collections/graphs\graph_336_0.125.gml
graph_336_0.25.gml,collections/graphs\graph_336_0.25.gml
graph_336_0.5.gml,collections/graphs\graph_336_0.5.gml
graph_336_0.75.gml,collections/graphs\graph_336_0.75.gml
graph_337_0.125.gml,collections/graphs\graph_337_0.125.gml
graph_337_0.25.gml,collections/graphs\graph_337_0.25.gml
graph_337_0.5.gml,collections/graphs\graph_337_0.5.gml
graph_337_0.75.gml,collections/graphs\graph_337_0.75.gml
graph_338_0.125.gml,collections/graphs\graph_338_0.125.gml
graph_338_0.25.gml,collections/graphs\graph_338_0.25.gml
graph_338_0.5.gml,collections/graphs\graph_338_0.5.gml
graph_338_0.75.gml,collections/graphs\graph_338_0.75.gml
graph_339_0.125.gml,collections/graphs\graph_339_0.125.gml
graph_339_0.25.gml,collections/graphs\graph_339_0.25.gml
graph_339_0.5.gml,collections/graphs\graph_339_0.5.gml
graph_339_0.75.gml,collections/graphs\graph_339_0.75.gml
graph_340_0.125.gml,collections/graphs\graph_340_0.125.gml
graph_340_0.25.gml,collections/graphs\graph_340_0.25.gml
graph_340_0.5.gml,collections/graphs\graph_340_0.5.gml
graph_340_0.75.gml,collections/graphs\graph_340_0.75.gml
graph_341_0.125.gml,collections/graphs\graph_341_0.125.gml
graph_341_0.25.gml,collections/graphs\graph_341_0.25.gml
graph_341_0.5.gml,collections/graphs\graph_341_0.5.gml
graph_341_0.75.gml,collections/graphs\graph_341_0.75.gml
graph_342_0.125.gml,collections/graphs\graph_342_0.125.gml
graph_342_0.25.gml,collections/graphs\graph_342_0.25.gml
graph_342_0.5.gml,collections/graphs\graph_342_0.5.gml
graph_342_0.75.gml,collections/graphs\graph_342_0.75.gml
graph_343_0.125.gml,collections/graphs\graph_343_0.125.gml
graph_343_0.25.gml,collections/graphs\graph_343_0.25.gml
graph_343_0.5.gml,collections/graphs\graph_343_0.5.gml
graph_343_0.75.gml,collections/graphs\graph_343_0.75.gml
graph_344_0.125.gml,collections/graphs\graph_344_0.125.gml
graph_344_0.25.gml,collections/graphs\graph_344_0.25.gml
graph_344_0.5.gml,collections/graphs\graph_344_0.5.gml
graph_344_0.75.gml,collections/graphs\graph_344_0.75.gml
graph_345_0.125.gml,collections/graphs\graph_345_0.125.gml
graph_345_0.25.gml,collections/graphs\graph_345_0.25.gml
graph_345_0.5.gml,collections/graphs\graph_345_0.5.gml
graph_345_0.75.gml,collections/graphs\graph_345_0.75.gml
graph_346_0.125.gml,collections/graphs\graph_346_0.125.gml
graph_346_0.25.gml,collections/graphs\graph_346_0.25.gml
graph_346_0.5.gml,collections/graphs\graph_346_0.5.gml
graph_346_0.75.gml,collections/graphs\graph_346_0.75.gml
graph_347_0.125.gml,collections/graphs\graph_347_0.125.gml
graph_347_0.25.gml,collections/graphs\graph_347_0.25.gml
graph_347_0.5.gml,collections/graphs\graph_347_0.5.gml
graph_347_0.75.gml,collections/graphs\graph_347_0.75.gml
graph_348_0.125.gml,collections/graphs\graph_348_0.125.gml
graph_348_0.25.gml,collections/graphs\graph_348_0.25.gml
graph_348_0.5.gml,collections/graphs\graph_348_0.5.gml
graph_348_0.75.gml,collections/graphs\graph_348_0.75.gml
graph_349_0.125.gml,collections/graphs\graph_349_0.125.gml
graph_349_0.25.gml,collections/graphs\graph_349_0.25.gml
graph_349_0.5.gml,collections/graphs\graph_349_0.5.gml
graph_349_0.75.gml,collections/graphs\graph_349_0.75.gml
graph_350_0.125.gml,collections/graphs\graph_350_0.125.gml
graph_350_0.25.gml,collections/graphs\graph_350_0.25.gml
graph_350_0.5.gml,collections/graphs\graph_350_0.5.gml
graph_350_0.75.gml,collections/graphs\graph_350_0.75.gml
graph_351_0.125.gml,collections/graphs\graph_351_0.125.gml
graph_351_0.25.gml,collections/graphs\graph_351_0.25.gml
graph_351_0.5.gml,collections/graphs\graph_351_0.5.gml
graph_351_0.75.gml,collections/graphs\graph_351_0.75.gml
graph_352_0.125.gml,collections/graphs\graph_352_0.125.gml
graph_352_0.25.gml,collections/graphs\graph_352_0.25.gml
graph_352_0.5.gml,collections/graphs\graph_352_0.5.gml
graph_352_0.75.gml,collections/graphs\graph_352_0.75.gml
graph_353_0.125.gml,collections/graphs\graph_353_0.125.gml
graph_353_0.25.gml,collections/graphs\graph_353_0.25.gml
graph_353_0.5.gml,collections/graphs\graph_353_0.5.gml
graph_353_0.75.gml,collections/graphs\graph_353_0.75.gml
graph_354_0.125.gml,collections/graphs\graph_354_0.125.gml
graph_354_0.25.gml,collections/graphs\graph_354_0.25.gml
graph_354_0.5.gml,collections/graphs\graph_354_0.5.gml
graph_354_0.75.gml,collections/graphs\graph_354_0.75.gml
graph_355_0.125.gml,collections/graphs\graph_355_0.125.gml
graph_355_0.25.gml,collections/graphs\graph_355_0.25.gml
graph_355_0.5.gml,collections/graphs\graph_355_0.5.gml
graph_355_0.75.gml,collections/graphs\graph_355_0.75.gml
graph_356_0.125.gml,collections/graphs\graph_356_0.125.gml
graph_356_0.25.gml,collections/graphs\graph_356_0.25.gml
graph_356_0.5.gml,collections/graphs\graph_356_0.5.gml
graph_356_0.75.gml,collections/graphs\graph_356_0.75.gml
graph_357_0.125.gml,collections/graphs\graph_357_0.125.gml
graph_357_0.25.gml,collections/graphs\graph_357_0.25.gml
graph_357_0.5.gml,collections/graphs\graph_357_0.5.gml
graph_357_0.75.gml,collections/graphs\graph_357_0.75.gml
graph_358_0.125.gml,collections/graphs\graph_358_0.125.gml
graph_358_0.25.gml,collections/graphs\graph_358_0.25.gml
graph_358_0.5.gml,collections/graphs\graph_358_0.5.gml
graph_358_0.75.gml,collections/graphs\graph_358_0.75.gml
graph_359_0.125.gml,collections/graphs\graph_359_0.125.gml
graph_359_0.25.gml,collections/graphs\graph_359_0.25.gml
graph_359_0.5.gml,collections/graphs\graph_359_0.5.gml
graph_359_0.75.gml,collections/graphs\graph_359_0.75.gml
graph_360_0.125.gml,collections/graphs\graph_360_0.125.gml
graph_360_0.25.gml,collections/graphs\graph_360_0.25.gml
graph_360_0.5.gml,collections/graphs\graph_360_0.5.gml
graph_360_0.75.gml,collections/graphs\graph_360_0.75.gml
graph_361_0.125.gml,collections/graphs\graph_361_0.125.gml
graph_361_0.25.gml,collections/graphs\graph_361_0.25.gml
graph_361_0.5.gml,collections/graphs\graph_361_0.5.gml
graph_361_0.75.gml,collections/graphs\graph_361_0.75.gml
graph_362_0.125.gml,collections/graphs\graph_362_0.125.gml
graph_362_0.25.gml,collections/graphs\graph_362_0.25.gml
graph_362_0.5.gml,collections/graphs\graph_362_0.5.gml
graph_362_0.75.gml,collections/graphs\graph_362_0.75.gml
graph_363_0.125.gml,collections/graphs\graph_363_0.125.gml
graph_363_0.25.gml,collections/graphs\graph_363_0.25.gml
graph_363_0.5.gml,collections/graphs\graph_363_0.5.gml
graph_363_0.75.gml,collections/graphs\graph_363_0.75.gml
graph_364_0.125.gml,collections/graphs\graph_364_0.125.gml
graph_364_0.25.gml,collections/graphs\graph_364_0.25.gml
graph_364_0.5.gml,collections/graphs\graph_364_0.5.gml
graph_364_0.75.gml,collections/graphs\graph_364_0.75.gml
graph_365_0.125.gml,collections/graphs\graph_365_0.125.gml
graph_365_0.25.gml,collections/graphs\graph_365_0.25.gml
graph_365_0.5.gml,collections/graphs\graph_365_0.5.gml
graph_365_0.75.gml,collections/graphs\graph_365_0.75.gml
graph_366_0.125.gml,collections/graphs\graph_366_0.125.gml
graph_366_0.25.gml,collections/graphs\graph_366_0.25.gml
graph_366_0.5.gml,collections/graphs\graph_366_0.5.gml
graph_366_0.75.gml,collections/graphs\graph_366_0.75.gml
graph_367_0.125.gml,collections/graphs\graph_367_0.125.gml
graph_367_0.25.gml,collections/graphs\graph_367_0.25.gml
graph_367_0.5.gml,collections/graphs\graph_367_0.5.gml
graph_367_0.75.gml,collections/graphs\graph_367_0.75.gml
graph_368_0.125.gml,collections/graphs\graph_368_0.125.gml
graph_368_0.25.gml,collections/graphs\graph_368_0.25.gml
graph_368_0.5.gml,collections/graphs\graph_368_0.5.gml
graph_368_0.75.gml,collections/graphs\graph_368_0.75.gml
graph_369_0.125.gml,collections/graphs\graph_369_0.125.gml
graph_369_0.25.gml,collections/graphs\graph_369_0.25.gml
graph_369_0.5.gml,collections/graphs\graph_369_0.5.gml
graph_369_0.75.gml,collections/graphs\graph_369_0.75.gml
graph_370_0.125.gml,collections/graphs\graph_370_0.125.gml
graph_370_0.25.gml,collections/graphs\graph_370_0.25.gml
graph_370_0.5.gml,collections/graphs\graph_370_0.5.gml
graph_370_0.75.gml,collections/graphs\graph_370_0.75.gml
graph_371_0.125.gml,collections/graphs\graph_371_0.125.gml
graph_371_0.25.gml,collections/graphs\graph_371_0.25.gml
graph_371_0.5.gml,collections/graphs\graph_371_0.5.gml
graph_371_0.75.gml,collections/graphs\graph_371_0.75.gml
graph_372_0.125.gml,collections/graphs\graph_372_0.125.gml
graph_372_0.25.gml,collections/graphs\graph_372_0.25.gml
graph_372_0.5.gml,collections/graphs\graph_372_0.5.gml
graph_372_0.75.gml,collections/graphs\graph_372_0.75.gml
graph_373_0.125.gml,collections/graphs\graph_373_0.125.gml
graph_373_0.25.gml,collections/graphs\graph_373_0.25.gml
graph_373_0.5.gml,collections/graphs\graph_373_0.5.gml
graph_373_0.75.gml,collections/graphs\graph_373_0.75.gml
graph_374_0.125.gml,collections/graphs\graph_374_0.125.gml
graph_374_0.25.gml,collections/graphs\graph_374_0.25.gml
graph_374_0.5.gml,collections/graphs\graph_374_0.5.gml
graph_374_0.75.gml,collections/graphs\graph_374_0.75.gml
graph_375_0.125.gml,collections/graphs\graph_375_0.125.gml
graph_375_0.25.gml,collections/graphs\graph_375_0.25.gml
graph_375_0.5.gml,collections/graphs\graph_375_0.5.gml
graph_375_0.75.gml,collections/graphs\graph_375_0.75.gml
graph_376_0.125.gml,collections/graphs\graph_376_0.125.gml
graph_376_0.25.gml,collections/graphs\graph_376_0.25.gml
graph_376_0.5.gml,collections/graphs\graph_376_0.5.gml
graph_376_0.75.gml,collections/graphs\graph_376_0.75.gml
graph_377_0.125.gml,collections/graphs\graph_377_0.125.gml
graph_377_0.25.gml,collections/graphs\graph_377_0.25.gml
graph_377_0.5.gml,collections/graphs\graph_377_0.5.gml
graph_377_0.75.gml,collections/graphs\graph_377_0.75.gml
graph_378_0.125.gml,collections/graphs\graph_378_0.125.gml
graph_378_0.25.gml,collections/graphs\graph_378_0.25.gml
graph_378_0.5.gml,collections/graphs\graph_378_0.5.gml
graph_378_0.75.gml,collections/graphs\graph_378_0.75.gml
graph_379_0.125.gml,collections/graphs\graph_379_0.125.gml
graph_379_0.25.gml,collections/graphs\graph_379_0.25.gml
graph_379_0.5.gml,collections/graphs\graph_379_0.5.gml
graph_379_0.75.gml,collections/graphs\graph_379_0.75.gml
graph_380_0.125.gml,collections/graphs\graph_380_0.125.gml
graph_380_0.25.gml,collections/graphs\graph_380_0.25.gml
graph_380_0.5.gml,collections/graphs\graph_380_0.5.gml
graph_380_0.75.gml,collections/graphs\graph_380_0.75.gml
graph_381_0.125.gml,collections/graphs\graph_381_0.125.gml
graph_381_0.25.gml,collections/graphs\graph_381_0.25.gml
graph_381_0.5.gml,collections/graphs\graph_381_0.5.gml
graph_381_0.75.gml,collections/graphs\graph_381_0.75.gml
graph_382_0.125.gml,collections/graphs\graph_382_0.125.gml
graph_382_0.25.gml,collections/graphs\graph_382_0.25.gml
graph_382_0.5.gml,collections/graphs\graph_382_0.5.gml
graph_382_0.75.gml,collections/graphs\graph_382_0.75.gml
graph_383_0.125.gml,collections/graphs\graph_383_0.125.gml
graph_383_0.25.gml,collections/graphs\graph_383_0.25.gml
graph_383_0.5.gml,collections/graphs\graph_383_0.5.gml
graph_383_0.75.gml,collections/graphs\graph_383_0.75.gml
graph_384_0.125.gml,collections/graphs\graph_384_0.125.gml
graph_384_0.25.gml,collections/graphs\graph_384_0.25.gml
graph_384_0.5.gml,collections/graphs\graph_384_0.5.gml
graph_384_0.75.gml,collections/graphs\graph_384_0.75.gml
graph_385_0.125.gml,collections/graphs\graph_385_0.125.gml
graph_385_0.25.gml,collections/graphs\graph_385_0.25.gml
graph_385_0.5.gml,collections/graphs\graph_385_0.5.gml
graph_385_0.75.gml,collections/graphs\graph_385_0.75.gml
graph_386_0.125.gml,collections/graphs\graph_386_0.125.gml
graph_386_0.25.gml,collections/graphs\graph_386_0.25.gml
graph_386_0.5.gml,collections/graphs\graph_386_0.5.gml
graph_386_0.75.gml,collections/graphs\graph_386_0.75.gml
graph_387_0.125.gml,collections/graphs\graph_387_0.125.gml
graph_387_0.25.gml,collections/graphs\graph_387_0.25.gml
graph_387_0.5.gml,collections/graphs\graph_387_0.5.gml
graph_387_0.75.gml,collections/graphs\graph_387_0.75.gml
graph_388_0.125.gml,collections/graphs\graph_388_0.125.gml
graph_388_0.25.gml,collections/graphs\graph_388_0.25.gml
graph_388_0.5.gml,collections/graphs\graph_388_0.5.gml
graph_388_0.75.gml,collections/graphs\graph_388_0.75.gml
graph_389_0.125.gml,collections/graphs\graph_389_0.125.gml
graph_389_0.25.gml,collections/graphs\graph_389_0.25.gml
graph_389_0.5.gml,collections/graphs\graph_389_0.5.gml
graph_389_0.75.gml,collections/graphs\graph_389_0.75.gml
graph_390_0.125.gml,collections/graphs\graph_390_0.125.gml
graph_390_0.25.gml,collections/graphs\graph_390_0.25.gml
graph_390_0.5.gml,collections/graphs\graph_390_0.5.gml
graph_390_0.75.gml,collections/graphs\graph_390_0.75.gml
graph_391_0.125.gml,collections/graphs\graph_391_0.125.gml
graph_391_0.25.gml,collections/graphs\graph_391_0.25.gml
graph_391_0.5.gml,collections/graphs\graph_391_0.5.gml
graph_391_0.75.gml,collections/graphs\graph_391_0.75.gml
graph_392_0.125.gml,collections/graphs\graph_392_0.125.gml
graph_392_0.25.gml,collections/graphs\graph_392_0.25.gml
graph_392_0.5.gml,collections/graphs\graph_392_0.5.gml
graph_392_0.75.gml,collections/graphs\graph_392_0.75.gml
graph_393_0.125.gml,collections/graphs\graph_393_0.125.gml
graph_393_0.25.gml,collections/graphs\graph_393_0.25.gml
graph_393_0.5.gml,collections/graphs\graph_393_0.5.gml
graph_393_0.75.gml,collections/graphs\graph_393_0.75.gml
graph_394_0.125.gml,collections/graphs\graph_394_0.125.gml
graph_394_0.25.gml,collections/graphs\graph_394_0.25.gml
graph_394_0.5.gml,collections/graphs\graph_394_0.5.gml
graph_394_0.75.gml,collections/graphs\graph_394_0.75.gml
graph_395_0.125.gml,collections/graphs\graph_395_0.125.gml
graph_395_0.25.gml,collections/graphs\graph_395_0.25.gml
graph_395_0.5.gml,collections/graphs\graph_395_0.5.gml
graph_395_0.75.gml,collections/graphs\graph_395_0.75.gml
graph_396_0.125.gml,collections/graphs\graph_396_0.125.gml
graph_396_0.25.gml,collections/graphs\graph_396_0.25.gml
graph_396_0.5.gml,collections/graphs\graph_396_0.5.gml
graph_396_0.75.gml,collections/graphs\graph_396_0.75.gml
graph_397_0.125.gml,collections/graphs\graph_397_0.125.gml
graph_397_0.25.gml,collections/graphs\graph_397_0.25.gml
graph_397_0.5.gml,collections/graphs\graph_397_0.5.gml
graph_397_0.75.gml,collections/graphs\graph_397_0.75.gml
graph_398_0.125.gml,collections/graphs\graph_398_0.125.gml
graph_398_0.25.gml,collections/graphs\graph_398_0.25.gml
graph_398_0.5.gml,collections/graphs\graph_398_0.5.gml
graph_398_0.75.gml,collections/graphs\graph_398_0.75.gml
graph_399_0.125.gml,collections/graphs\graph_399_0.125.gml
graph_399_0.25.gml,collections/graphs\graph_399_0.25.gml
graph_399_0.5.gml,collections/graphs\graph_399_0.5.gml
graph_399_0.75.gml,collections/graphs\graph_399_0.75.gml
graph_400_0.125.gml,collections/graphs\graph_400_0.125.gml
graph_400_0.25.gml,collections/graphs\graph_400_0.25.gml
graph_400_0.5.gml,collections/graphs\graph_400_0.5.gml
graph_400_0.75.gml,collections/graphs\graph_400_0.75.gml
